-- phpMyAdmin SQL Dump
-- version 5.0.2
-- https://www.phpmyadmin.net/
--
-- Host: localhost:3306
-- Generation Time: Apr 10, 2021 at 05:52 AM
-- Server version: 5.7.24
-- PHP Version: 7.4.7

SET SQL_MODE = "NO_AUTO_VALUE_ON_ZERO";
START TRANSACTION;
SET time_zone = "+00:00";


/*!40101 SET @OLD_CHARACTER_SET_CLIENT=@@CHARACTER_SET_CLIENT */;
/*!40101 SET @OLD_CHARACTER_SET_RESULTS=@@CHARACTER_SET_RESULTS */;
/*!40101 SET @OLD_COLLATION_CONNECTION=@@COLLATION_CONNECTION */;
/*!40101 SET NAMES utf8mb4 */;

--
-- Database: `mzmms`
--

-- --------------------------------------------------------

--
-- Table structure for table `archive_road_permissions`
--

CREATE TABLE `archive_road_permissions` (
  `id` bigint(20) UNSIGNED NOT NULL,
  `vehicle_id` bigint(20) UNSIGNED NOT NULL COMMENT 'connected to vehicles table id',
  `road_id` bigint(20) UNSIGNED NOT NULL COMMENT 'connected to roads table id',
  `departure_time` time DEFAULT NULL,
  `created_at` timestamp NULL DEFAULT NULL,
  `updated_at` timestamp NULL DEFAULT NULL
) ENGINE=InnoDB DEFAULT CHARSET=utf8mb4 COLLATE=utf8mb4_unicode_ci;

--
-- Dumping data for table `archive_road_permissions`
--

INSERT INTO `archive_road_permissions` (`id`, `vehicle_id`, `road_id`, `departure_time`, `created_at`, `updated_at`) VALUES
(10, 1, 1, NULL, '2020-12-22 05:53:38', '2020-12-22 05:53:38'),
(11, 1, 12, '17:12:00', '2020-12-23 03:18:28', '2020-12-23 03:18:28'),
(12, 1, 27, '17:12:00', '2020-12-23 03:19:21', '2020-12-23 03:19:21'),
(13, 1, 2, NULL, '2020-12-23 03:33:02', '2020-12-23 03:33:02'),
(14, 1, 2, '16:55:00', '2021-04-07 03:37:09', '2021-04-07 03:37:09');

-- --------------------------------------------------------

--
-- Table structure for table `failed_jobs`
--

CREATE TABLE `failed_jobs` (
  `id` bigint(20) UNSIGNED NOT NULL,
  `uuid` varchar(255) COLLATE utf8mb4_unicode_ci NOT NULL,
  `connection` text COLLATE utf8mb4_unicode_ci NOT NULL,
  `queue` text COLLATE utf8mb4_unicode_ci NOT NULL,
  `payload` longtext COLLATE utf8mb4_unicode_ci NOT NULL,
  `exception` longtext COLLATE utf8mb4_unicode_ci NOT NULL,
  `failed_at` timestamp NOT NULL DEFAULT CURRENT_TIMESTAMP
) ENGINE=InnoDB DEFAULT CHARSET=utf8mb4 COLLATE=utf8mb4_unicode_ci;

-- --------------------------------------------------------

--
-- Table structure for table `members`
--

CREATE TABLE `members` (
  `id` bigint(20) UNSIGNED NOT NULL,
  `name` varchar(255) COLLATE utf8mb4_unicode_ci NOT NULL,
  `father_name` varchar(255) COLLATE utf8mb4_unicode_ci NOT NULL,
  `mother_name` varchar(255) COLLATE utf8mb4_unicode_ci NOT NULL,
  `present_address` varchar(255) COLLATE utf8mb4_unicode_ci NOT NULL,
  `permanent_address` varchar(255) COLLATE utf8mb4_unicode_ci NOT NULL,
  `nid` varchar(255) COLLATE utf8mb4_unicode_ci NOT NULL,
  `phone` varchar(15) COLLATE utf8mb4_unicode_ci NOT NULL,
  `image` varchar(255) COLLATE utf8mb4_unicode_ci NOT NULL,
  `created_at` timestamp NULL DEFAULT NULL,
  `updated_at` timestamp NULL DEFAULT NULL
) ENGINE=InnoDB DEFAULT CHARSET=utf8mb4 COLLATE=utf8mb4_unicode_ci;

--
-- Dumping data for table `members`
--

INSERT INTO `members` (`id`, `name`, `father_name`, `mother_name`, `present_address`, `permanent_address`, `nid`, `phone`, `image`, `created_at`, `updated_at`) VALUES
(6, 'Estella Jacobs', 'Ciara Gislason I', 'Bernhard Mohr', '90628 Frami RiverNew Faustinomouth, IA 26159-3697', '90628 Frami RiverNew Faustinomouth, IA 26159-3697', '7182', '01716724245', '0', '2020-12-20 07:57:53', '2020-12-22 06:30:23'),
(7, 'Max Borer', 'Joanny Kautzer', 'Joanne Koss II', '89068 Coby Mountain Suite 193\nLake Bernie, MT 65576', '388 Mayer Neck\nLouville, MD 66353-9431', '6805', '+9081815152567', '0', '2020-12-20 07:57:53', '2020-12-20 07:57:53'),
(8, 'Helene Dicki', 'Merritt Bayer', 'Paige Gutkowski', '5610 Darrel Flat Suite 705\nAliville, AL 33012', '903 King Point Suite 631\nSkylaville, MO 14909', '5103', '+6790656830132', '0', '2020-12-20 07:57:53', '2020-12-20 07:57:53'),
(9, 'Stephan Beatty', 'Dr. Hazel Heathcote', 'Alfonzo Rippin', '5657 Swaniawski Club Apt. 360\nTowneberg, MO 68645', '21504 Kira Dam Apt. 467\nSouth Tyrelltown, AL 19383', '46678', '+1165250548522', '0', '2020-12-20 07:57:53', '2020-12-20 07:57:53'),
(11, 'Prof. Johnny Friesen I', 'Danial Hill II', 'Ansley Ziemann I', '9766 Karley Forge\nSkylarshire, MS 15852', '476 Hane Street Apt. 471\nEast Tressie, IN 75994-1849', '417', '+3972490211331', '0', '2020-12-20 07:57:53', '2020-12-20 07:57:53'),
(12, 'Miss Lavonne Davis', 'Muriel Ullrich', 'Prof. Virgie Hegmann', '359 Seamus Locks Suite 993\nArliebury, SC 09915', '3722 Laila Pike\nStrackechester, NM 27874', '21432', '+3895485233915', '0', '2020-12-20 07:57:53', '2020-12-20 07:57:53'),
(13, 'Ms. Nikki Dietrich III', 'Alexandrea Nikolaus', 'Ms. Antonietta Stamm Jr.', '66766 Hubert Cliff Suite 077\nWest Lavina, NY 01942', '5196 Alden Mountains\nPricechester, PA 75429-2697', '48303', '+4036819508439', '0', '2020-12-20 07:57:53', '2020-12-20 07:57:53'),
(14, 'Shany Conroy', 'Sherman Bruen Jr.', 'Mariano Weissnat', '50365 Schultz Mill Suite 785\nRicoside, SD 46226-0681', '7286 Kacey River\nPort Clementinabury, ME 55392', '161', '+1978550569903', '0', '2020-12-20 07:57:53', '2020-12-20 07:57:53'),
(15, 'Angelica Orn', 'Prof. Gideon Hyatt V', 'Dr. Uriah Lehner V', '45442 Windler Springs\nNorth Eileenstad, WA 23104-3430', '574 Russel Ridge\nOsbaldoton, SC 74863', '309', '+8242660045748', '0', '2020-12-20 07:57:53', '2020-12-20 07:57:53'),
(16, 'Breana Ferry', 'Garret Connelly', 'Vivien Greenfelder', '73304 Westley Way\nMetastad, RI 15162', '43785 Kiehn Trail\nLydiaport, OK 10555-3643', '43246', '+5881976313438', '0', '2020-12-20 07:57:53', '2020-12-20 07:57:53'),
(17, 'Lilian Leannon', 'Dr. Bria Jerde PhD', 'Isai Schowalter II', '687 Grady Grove Apt. 699\nEinoville, RI 99914-7542', '8148 O\'Connell Rue\nLake Malcolmport, VA 25304', '3101', '+9765402045993', '0', '2020-12-20 07:57:53', '2020-12-20 07:57:53'),
(18, 'Prof. Ferne Jakubowski', 'Helen Hilpert V', 'Laila Lakin', '920 Cassin Walks\nMcLaughlinland, NE 87528', '3226 Davin Path\nSantinatown, NV 86789-2470', '247', '+9024921775330', '0', '2020-12-20 07:57:53', '2020-12-20 07:57:53'),
(19, 'Jarrett Nicolas', 'Jedidiah Block', 'Maryse Huel', '4043 Zieme Island Suite 021\nNew Deanna, SC 85402', '86071 Amani Passage Apt. 115\nSouth Lydashire, HI 22834', '52319', '+9100804798704', '0', '2020-12-20 07:57:53', '2020-12-20 07:57:53'),
(20, 'Kennith Yost', 'Keegan Murphy PhD', 'Dr. Jeromy Hayes DDS', '3185 Larry Spring\nMaritzastad, NE 38382-6126', '80657 Dickinson Passage Suite 586\nSchimmelport, IL 88269', '3844', '+5895868948279', '0', '2020-12-20 07:57:53', '2020-12-20 07:57:53'),
(21, 'Zoie Jenkins', 'Kellie Ruecker', 'Jazmyn Block', '4519 Ritchie Plaza Apt. 951\nNorth Jaunita, CO 23824-2234', '742 Karson Junction Suite 706\nLake Jefferey, MI 40873-1957', '78474', '+1218101849004', '0', '2020-12-20 07:57:53', '2020-12-20 07:57:53'),
(22, 'Johanna Krajcik', 'Hermann Waters', 'Devonte Rath II', '6655 Emard Street\nNew Jaydeport, SC 56871', '6476 Anibal Mews\nJastberg, NE 05317-6378', '1009', '+1779840375075', '0', '2020-12-20 07:57:53', '2020-12-20 07:57:53'),
(23, 'Eriberto Walker IV', 'D\'angelo Bartoletti', 'Helmer Lowe Sr.', '598 Judge Loop\nPort Jaquelin, RI 13992', '76369 Myah Locks\nWest Frances, ME 73074', '3510', '+2347952274488', '0', '2020-12-20 07:57:53', '2020-12-20 07:57:53'),
(24, 'Krystel Braun III', 'Felicity Heidenreich', 'Zella Kuhlman', '115 Laverne Lakes\nDorrisview, KY 28740-1968', '32238 Keaton Loop Suite 885\nMillsfort, RI 54274-6436', '6444', '+9773950875124', '0', '2020-12-20 07:57:53', '2020-12-20 07:57:53'),
(25, 'Ms. Libby Stehr', 'Otilia Wolf DDS', 'August Bechtelar', '48887 Conroy Knolls\nDanielchester, ME 77727', '716 Kuhlman Fork\nPollichberg, RI 99523', '6882', '+1260823646013', '0', '2020-12-20 07:57:53', '2020-12-20 07:57:53'),
(26, 'Mrs. Adaline Halvorson Sr.', 'Robbie Douglas', 'Heidi West', '5967 Lucie Burg Suite 244\nLake Bennie, NC 33983', '91139 Bergstrom Park\nBraulioville, IL 70163', '8343', '+2352035399795', '0', '2020-12-20 07:57:53', '2020-12-20 07:57:53'),
(27, 'Prof. Delaney Johnson DDS', 'Erik Konopelski', 'Garry Klein', '190 Edwina Cape Apt. 259\nDeventon, NM 76424-7901', '2293 Novella Loop\nSouth Coralieshire, AL 61861-9314', '90353', '+1639247988315', '0', '2020-12-20 07:57:53', '2020-12-20 07:57:53'),
(28, 'Isaias Littel PhD', 'Roger Bode', 'Grace Mueller', '249 Lockman Locks Suite 194\nEast Enoch, DE 49286', '610 Ankunding Pine\nGoldenstad, AL 19633', '62344', '+7839508595793', '0', '2020-12-20 07:57:53', '2020-12-20 07:57:53'),
(29, 'Shaina Hickle', 'Isaiah Ferry', 'Myrtie Bednar', '61541 Jaquelin Via\nMustafaside, NM 47655', '7497 Zion Rue Suite 587\nMariellefort, AZ 21282-5277', '90858', '+8782450904058', '0', '2020-12-20 07:57:53', '2020-12-20 07:57:53'),
(30, 'Lynn Hoeger III', 'Jerrold Prosacco', 'Phyllis Schinner', '36259 Nellie Springs Apt. 178\nNorth Trudiefort, OH 76385-5743', '41649 Kaela Plain\nJoanieville, CA 64794-0347', '336', '+7035215178510', '0', '2020-12-20 07:57:53', '2020-12-20 07:57:53'),
(31, 'Neal Goyette', 'Emily Klein MD', 'Benton Nitzsche', '87746 Sporer Rapids Apt. 804\nPort Tyree, MO 87146-4288', '287 Brown Fork Apt. 044\nNorth Quinten, HI 28268', '208', '+7658928517458', '0', '2020-12-20 07:57:53', '2020-12-20 07:57:53'),
(32, 'Mrs. Rebeka Johns', 'Mrs. Elisa Baumbach', 'Ally Waters', '17443 Kovacek Heights Suite 769\nGerlachport, DE 91241', '2474 Boyer Court Suite 622\nZulaufbury, MT 97870', '9833', '+9037481480453', '0', '2020-12-20 07:57:53', '2020-12-20 07:57:53'),
(33, 'Mr. Matt Nader', 'Alec Kuhn', 'Etha Mraz IV', '629 Wilfrid Mountains\nRyleechester, AL 39016', '24414 Denesik Stream Suite 082\nGrahamburgh, LA 43604-5826', '90798', '+2918752238151', '0', '2020-12-20 07:57:53', '2020-12-20 07:57:53'),
(34, 'Vivienne Adams I', 'Jordyn Hyatt MD', 'Dr. Nelda Cruickshank DDS', '6866 Hodkiewicz Circle Apt. 883\nConnton, TX 80438', '22629 Ward Locks\nEast Chyna, NH 84161', '63817', '+1350164817787', '0', '2020-12-20 07:57:53', '2020-12-20 07:57:53'),
(35, 'Jonatan Howe', 'Mrs. Rosalinda Wintheiser', 'Ima Stoltenberg', '2506 Damaris Views Suite 867\nWest Christ, FL 57851-5905', '56242 Hassan Row\nSouth Edgarmouth, NY 44763-5603', '59237', '+2259227692283', '0', '2020-12-20 07:57:53', '2020-12-20 07:57:53'),
(36, 'Buster Streich MD', 'Ashley Witting', 'Lavon Runte', '401 Larkin Course\nEmieshire, ND 14889-5009', '83302 Khalid Motorway\nJadenbury, SC 45831', '159', '+4399621786629', '0', '2020-12-20 07:57:53', '2020-12-20 07:57:53'),
(37, 'Prof. Dejah Dickinson', 'Prof. Gilberto Kris V', 'Ariel Dickens', '4784 Beahan Circles\nWest Minnieshire, LA 41921', '352 Jordyn Isle\nNew Herbert, LA 51503', '750', '+3134243975992', '0', '2020-12-20 07:57:53', '2020-12-20 07:57:53'),
(38, 'Lou Howell', 'Dovie White', 'Marquise Mosciski', '2512 Brandyn Fords Apt. 298\nHirthebury, ID 05218-7063', '577 Roxanne Course Apt. 619\nWest Lulaport, KY 70277-6786', '248', '+2211158947638', '0', '2020-12-20 07:57:53', '2020-12-20 07:57:53'),
(39, 'Christop Russel', 'Sabrina Jakubowski', 'Dayna Batz', '14154 Vicente Way Suite 936\nElmerstad, DC 77319', '339 Wunsch Land Apt. 575\nEast Jamison, NV 38431-8329', '8256', '+9251792675587', '0', '2020-12-20 07:57:53', '2020-12-20 07:57:53'),
(40, 'Leopold Erdman', 'Gia Rohan Sr.', 'Mose Mayer', '76105 Considine Shoal Apt. 210\nDemondfurt, NH 88239', '80274 Wilma Crescent\nSouth Marjoryhaven, NJ 43079', '58071', '+4951368339569', '0', '2020-12-20 07:57:53', '2020-12-20 07:57:53'),
(41, 'Brianne Brown', 'Prof. Wilbert O\'Connell', 'Magali Wolff Sr.', '47172 Erika Roads\nTeaganberg, CA 21815', '48839 Willow Passage\nBradymouth, NC 26914-7078', '568', '+6644901910879', '0', '2020-12-20 07:57:53', '2020-12-20 07:57:53'),
(42, 'Elenora Stokes MD', 'Wilburn Brown', 'Tad Leffler', '51860 Kyleigh Village\nWilkinsonside, SD 43944-2929', '5302 Lura Plains Apt. 774\nEast Toy, ME 16372', '781', '+2659058267084', '0', '2020-12-20 07:57:53', '2020-12-20 07:57:53'),
(43, 'Ottis Morar', 'Andreane Johnson', 'Coy Kohler', '5778 Genevieve Isle\nWest Santinafurt, HI 25535', '917 Wilderman Crescent\nTressiemouth, CO 13357', '406', '+2158366880424', '0', '2020-12-20 07:57:53', '2020-12-20 07:57:53'),
(44, 'Bud Hilpert', 'Adell Braun DVM', 'Chaz Rosenbaum', '608 Wendy Valley Suite 042\nJosefaburgh, TX 84165', '46450 Jaden Meadow Apt. 116\nGuidochester, WI 59959', '5479', '+3285798581797', '0', '2020-12-20 07:57:53', '2020-12-20 07:57:53'),
(45, 'Jarrell Muller', 'Kyle Nader', 'Prof. Saige Lowe', '7357 Hoeger Rest\nEast Deangelo, IA 03442-6116', '2198 Faustino Square\nLake Maurinemouth, LA 90674-0984', '1545', '+3497106161145', '0', '2020-12-20 07:57:53', '2020-12-20 07:57:53'),
(46, 'Prof. Leopoldo Durgan', 'Kip Will', 'Archibald Bartoletti DDS', '729 Deondre Mountains Suite 390\nClaudefort, NJ 30395-9682', '68894 Lauryn Estates Apt. 412\nNew Kurtburgh, NC 25388', '9941', '+4711804686806', '0', '2020-12-20 07:57:53', '2020-12-20 07:57:53'),
(47, 'Prof. Gay Blick', 'Margot Ratke', 'Ally Emmerich', '337 Brendon Knolls\nStokesside, RI 21104-6020', '48460 Walter Junctions\nPort Arden, VA 42986-4543', '723', '+7539731727303', '0', '2020-12-20 07:57:53', '2020-12-20 07:57:53'),
(48, 'Devonte Labadie', 'Prof. Golden Deckow', 'Elwyn Mitchell PhD', '37372 Derrick Corners Apt. 696\nLake Michaelaville, KS 86473-4921', '7533 Miller Bridge Suite 326\nPort Grantberg, MN 93100', '7953', '+1582997154665', '0', '2020-12-20 07:57:53', '2020-12-20 07:57:53'),
(49, 'Dewitt Abbott', 'Dr. Athena Hudson Jr.', 'Houston Swift MD', '522 Frederique Manors Apt. 306\nSouth Fabiolaport, OR 95000-8694', '853 Donato Meadow\nSchultztown, FL 61639-1605', '409', '+8136404232915', '0', '2020-12-20 07:57:53', '2020-12-20 07:57:53'),
(50, 'Francesca Becker DVM', 'Makenzie Kutch', 'Jacynthe Tillman', '31104 Gussie Land Apt. 716\nErnserport, HI 95802', '4408 Stacy Lights\nNorth Sandyfurt, CT 42594-9205', '5372', '+1777093598326', '0', '2020-12-20 07:57:53', '2020-12-20 07:57:53'),
(51, 'Johnny Schultz', 'Emilio Keeling', 'Johan Kohler', '559 Cremin Alley\nSouth Hyman, PA 82967', '178 Brekke Ridges Apt. 667\nNorth Earlineport, GA 47125', '6580', '+5299999001372', '0', '2020-12-20 07:57:53', '2020-12-20 07:57:53'),
(52, 'Frederique Rogahn', 'Mr. Thurman Ruecker', 'Clair McDermott', '508 Bradtke Passage Apt. 790\nOswaldburgh, CA 47509-8143', '3005 Kieran Oval Suite 531\nDominiqueview, NJ 47468-9656', '53258', '+8664313968665', '0', '2020-12-20 07:57:53', '2020-12-20 07:57:53'),
(53, 'Prof. Sabryna Durgan', 'Maci Ledner', 'Matteo Morar', '153 Peter Mountains\nNorth Lew, UT 36257-7884', '72022 Heller Green\nRobertsview, ME 09690-7636', '761', '+9715758698081', '0', '2020-12-20 07:57:53', '2020-12-20 07:57:53'),
(54, 'Issac Feil', 'Prof. Fiona Shields IV', 'Dr. Bernard Littel PhD', '8857 Bartoletti Key\nPort Joeystad, VA 29586', '302 Joanny Pines\nKipfort, AL 72821', '857', '+2986972930862', '0', '2020-12-20 07:57:53', '2020-12-20 07:57:53'),
(55, 'Mr. Garrick Stoltenberg', 'Chandler Wilkinson', 'Christy Monahan', '105 Konopelski Road\nSouth Marietta, ME 54825-1168', '850 Dare Highway\nPort Hilda, IL 91958-2944', '6258', '+1839487060371', '0', '2020-12-20 07:57:53', '2020-12-20 07:57:53'),
(56, 'Mr. Amparo Ratke II', 'Harmony Rutherford', 'Modesta McKenzie', '3537 Bartell Lock Suite 926\nNorth Micaelafort, AK 28565-2751', '25836 Brakus Islands\nAlphonsoberg, DE 23582', '399', '+4210650761721', '0', '2020-12-20 07:57:53', '2020-12-20 07:57:53'),
(57, 'Mable Steuber', 'Karine Feeney', 'Dr. Jo Blick Jr.', '1712 Madyson Ridges\nEast Paula, MA 43599-1191', '252 Purdy Shoal Apt. 314\nLittleborough, FL 28557-4894', '61245', '+7283793213027', '0', '2020-12-20 07:57:53', '2020-12-20 07:57:53'),
(58, 'Christa Jast', 'Gregorio Emard', 'Dr. Domenica Kuphal', '318 Marco Haven Suite 062\nNorth Terrillchester, HI 96567', '1552 Barrows Roads\nLake Warrenfort, NM 77417-3554', '90757', '+5672513811482', '0', '2020-12-20 07:57:53', '2020-12-20 07:57:53'),
(59, 'Zora Greenholt', 'Prof. Wilson Beahan', 'Dr. Avis DuBuque', '816 Jamir Springs\nTyshawnville, ME 49803-6039', '47150 Lemuel Greens\nWest Jacey, CO 73928', '81901', '+3684684295489', '0', '2020-12-20 07:57:53', '2020-12-20 07:57:53'),
(60, 'Dr. Bessie Von I', 'Sid Kuhlman', 'Darlene Bernhard', '62415 Barton Creek Suite 717\nDooleyfort, WA 09012-2174', '159 Gislason Ranch Apt. 068\nEddmouth, OH 80031-3319', '95152', '+4280212935570', '0', '2020-12-20 07:57:53', '2020-12-20 07:57:53'),
(61, 'Theo Torp', 'Sven Feeney', 'Susana Bosco', '207 Leopold Parkways\nMcLaughlinmouth, OK 73302', '538 Durward Village\nPort Keyonstad, CO 37131', '3655', '+1561243720945', '0', '2020-12-20 07:57:53', '2020-12-20 07:57:53'),
(62, 'Barbara Donnelly', 'Hank O\'Kon', 'Hassie Conroy', '697 Senger Court Suite 109\nPort Raphaelle, KY 77338', '80320 Marguerite Port\nAlvertamouth, CO 49749', '68954', '+4827549724683', '0', '2020-12-20 07:57:53', '2020-12-20 07:57:53'),
(63, 'Leanne Shields MD', 'Susanna Parker', 'Janick Dare', '735 Julianne Flat\nAlanistown, GA 80420-1710', '895 Schroeder Field Apt. 919\nSchmitttown, WA 96675', '7674', '+4817809199986', '0', '2020-12-20 07:57:53', '2020-12-20 07:57:53'),
(64, 'Miss Yazmin Keebler III', 'Carole Roberts', 'Nico Marquardt', '3115 Effertz Mountains Suite 288\nQuitzonland, CT 09426-5441', '9818 Thompson Forges\nSchinnerbury, MT 03675', '65733', '+3565417598431', '0', '2020-12-20 07:57:53', '2020-12-20 07:57:53'),
(65, 'Lorena Wolff', 'Marjory Rosenbaum', 'Ms. Cierra Windler III', '3157 Brenna Park\nNorth Lucio, PA 99822', '7271 Wilderman Lodge Apt. 482\nEast Mohammed, OH 13157', '57441', '+2217632714992', '0', '2020-12-20 07:57:53', '2020-12-20 07:57:53'),
(66, 'Prof. Margarette Schowalter III', 'Cali Ruecker', 'Sid Rowe MD', '8440 Hand Cliffs Suite 359\nSengerhaven, FL 49651', '17810 Jazlyn Squares Suite 997\nPort Immanuelshire, ID 60206', '40798', '+7062524839175', '0', '2020-12-20 07:57:53', '2020-12-20 07:57:53'),
(67, 'Jaylan Dibbert DDS', 'Sedrick Bosco', 'Jayden Reichert', '68295 Fritsch Stream Suite 108\nPort Rupertfort, VA 81587', '17047 Kub Groves Suite 435\nEast Kallieside, SC 06201', '85014', '+9017495277875', '0', '2020-12-20 07:57:53', '2020-12-20 07:57:53'),
(68, 'Dahlia Kling', 'Gussie Beier', 'Prof. Merl Schmitt Sr.', '43378 Anabelle Tunnel Apt. 097\nBorerport, CO 78215', '6452 Powlowski Loop Suite 613\nSigurdland, MI 12649', '676', '+4458027789389', '0', '2020-12-20 07:57:53', '2020-12-20 07:57:53'),
(69, 'Christine Cormier', 'Mr. Russ Gutkowski', 'Esther Satterfield', '642 Von Brook\nKlingside, OK 02071', '61625 Von Lodge\nEast Brownview, MO 53508', '576', '+6666772662439', '0', '2020-12-20 07:57:53', '2020-12-20 07:57:53'),
(70, 'Ali Ledner DDS', 'Buddy Williamson', 'Toy Lakin DDS', '78927 Spencer Station Apt. 203\nKassulkestad, FL 42978', '1154 Nash Hollow Apt. 468\nLake Savannahmouth, NV 44813-3840', '4264', '+9439950748830', '0', '2020-12-20 07:57:53', '2020-12-20 07:57:53'),
(71, 'Lauriane Casper DDS', 'Miss Rosalyn Stehr', 'Noelia Heathcote', '442 Crona Parkway\nCatharineborough, WI 79883', '5889 Mills Land\nSouth Karlee, SC 65143', '554', '+5310571004127', '0', '2020-12-20 07:57:53', '2020-12-20 07:57:53'),
(72, 'Dr. Jamaal Boehm MD', 'Mr. Fredy Considine', 'Mr. Eliezer Schuppe MD', '53711 Cory Wells\nWest Bridgette, OH 04541-0397', '311 Rolando Trail Apt. 899\nLangworthfort, AR 00227', '925', '+6101476285513', '0', '2020-12-20 07:57:53', '2020-12-20 07:57:53'),
(73, 'German Kozey', 'Mr. Weston Koepp DDS', 'Trystan Gleason', '2280 Kraig Street\nNaderside, OK 15560-2291', '1400 Alexanne Divide Apt. 227\nLake Lurline, TX 94562', '13131', '+4341670648273', '0', '2020-12-20 07:57:53', '2020-12-20 07:57:53'),
(74, 'Hattie Dooley', 'Kylie Okuneva IV', 'Mario Crooks', '5180 Una Wall Suite 398\nLeuschkestad, NH 75045', '543 Wiegand Mall Apt. 058\nNew Haileemouth, MN 64936-7092', '72658', '+7605339316995', '0', '2020-12-20 07:57:53', '2020-12-20 07:57:53'),
(75, 'Shyann Schinner', 'Mr. Cruz Rowe I', 'Janiya Murphy', '195 Lourdes Ford Apt. 887\nGenovevaborough, NM 71871', '2704 Corbin Hills\nKristaborough, NM 24116-9366', '2318', '+1495422234636', '0', '2020-12-20 07:57:53', '2020-12-20 07:57:53'),
(76, 'Desiree Jacobson', 'Mariana Runolfsdottir I', 'Macie Zemlak Jr.', '887 Hintz Terrace\nNorth Kade, WY 58237', '4694 Heidenreich Road Suite 961\nIsadoreburgh, TX 57795-5870', '335', '+4274228394907', '0', '2020-12-20 07:57:53', '2020-12-20 07:57:53'),
(77, 'Dovie Friesen', 'Prof. Easton Gibson', 'Mr. Francisco Emmerich', '885 Omer Junction\nDaltonton, HI 11201', '40490 Reina Harbor\nLake Jana, HI 03186', '9019', '+9488324370902', '0', '2020-12-20 07:57:53', '2020-12-20 07:57:53'),
(78, 'Andre Dibbert', 'Mina Bosco V', 'Lorenz O\'Connell', '71840 Lia Hill\nAdellechester, WY 74134-3196', '631 Hollis Stream Apt. 144\nLake Wilma, HI 08334', '14554', '+1204979956628', '0', '2020-12-20 07:57:53', '2020-12-20 07:57:53'),
(79, 'Amelia Thiel V', 'Gia Eichmann', 'Garrison Pfeffer', '4046 Amy Trace\nPort Freemanmouth, UT 48828-0146', '938 Leta Hills\nBeerfurt, VT 33614', '739', '+7715744678219', '0', '2020-12-20 07:57:53', '2020-12-20 07:57:53'),
(80, 'Camilla Friesen', 'Ms. Vena Boyle II', 'Eddie Bogan', '8647 Beatty Mountains\nLorainechester, VT 51197', '154 Schinner Landing\nPort Cletus, IN 63965', '99094', '+7851651080188', '0', '2020-12-20 07:57:53', '2020-12-20 07:57:53'),
(81, 'Prof. Ruth Dare IV', 'Esta Price', 'Heidi Stoltenberg', '385 Flatley Tunnel Apt. 521\nCoyburgh, MD 67944-3887', '812 Jerome Fort\nJovanyborough, KS 95669', '977', '+8928258063559', '0', '2020-12-20 07:57:53', '2020-12-20 07:57:53'),
(82, 'Paris Botsford PhD', 'Miss Betty Mueller', 'Heidi Walsh', '62944 Fisher Place Suite 064\nIanfort, LA 89121-6068', '8130 Virginie Rue Suite 262\nOttiliestad, ID 31101', '9853', '+8678348475860', '0', '2020-12-20 07:57:53', '2020-12-20 07:57:53'),
(83, 'Amely Lubowitz', 'Alverta Kuhic I', 'Leora Schumm Jr.', '5089 Champlin Row\nNew Corneliusmouth, NY 75729', '68891 Weimann Squares Apt. 991\nBlandaberg, HI 52632-2121', '140', '+2995844746224', '0', '2020-12-20 07:57:53', '2020-12-20 07:57:53'),
(84, 'Abby Jacobi', 'Aleen Nicolas', 'Nina Yost PhD', '107 Kirlin Glens Suite 678\nSouth Sophie, NE 20776', '7922 Herzog Expressway Suite 790\nWindlerside, CT 04796', '680', '+5419371582695', '0', '2020-12-20 07:57:53', '2020-12-20 07:57:53'),
(85, 'Murphy Conroy', 'Melisa O\'Connell', 'Logan Smith', '44951 Fay Coves Apt. 415\nDeliaton, NJ 51716', '25349 Cremin Vista\nWest Kiara, AL 16250-2192', '4156', '+5870085719265', '0', '2020-12-20 07:57:53', '2020-12-20 07:57:53'),
(86, 'Lionel Renner Sr.', 'Ebba Hamill', 'Jaunita Schultz', '22556 Macy Way\nChandlermouth, OH 41422', '7174 Josianne Hills Suite 525\nBillietown, WY 20445-5288', '47324', '+1958354824639', '0', '2020-12-20 07:57:53', '2020-12-20 07:57:53'),
(87, 'Dr. Oliver McLaughlin', 'Milo Walsh', 'Dr. Vidal Mills V', '5908 Jacobi Drive Apt. 121\nBridgetteton, OR 50177-8435', '99133 Thalia Manor Apt. 823\nDaynemouth, AK 63943-8773', '4404', '+6395009426671', '0', '2020-12-20 07:57:53', '2020-12-20 07:57:53'),
(88, 'Danny Smith', 'Zack Batz', 'Mr. Dorthy Nader IV', '3538 Eichmann Roads\nNorth Paolo, ND 48947', '74370 Lucy Haven Suite 808\nKoeppside, MN 30210', '95534', '+3436786534930', '0', '2020-12-20 07:57:53', '2020-12-20 07:57:53'),
(89, 'Shakira Hermiston', 'Dr. Osvaldo Mosciski DDS', 'Prof. Osbaldo Renner', '193 Nicolas Plain Suite 102\nWest Watson, CA 05065-4579', '994 Eda Bridge\nErdmanburgh, HI 96888-2887', '945', '+9758018925795', '0', '2020-12-20 07:57:53', '2020-12-20 07:57:53'),
(90, 'Brent Lebsack', 'Mrs. Lorna Johns', 'Jefferey Windler Jr.', '9768 Bret Isle\nRosalynport, NM 17559', '6912 Franco Keys\nKobefort, IL 42717-5986', '42885', '+9791465532056', '0', '2020-12-20 07:57:53', '2020-12-20 07:57:53'),
(91, 'Cydney Yundt', 'Miss Theresa Lueilwitz', 'Dr. Alessandra Swaniawski', '9424 Mann Radial Apt. 182\nKevenview, LA 62341', '752 Lockman Cape\nWest Lia, WI 43289', '3100', '+8775361533446', '0', '2020-12-20 07:57:53', '2020-12-20 07:57:53'),
(92, 'Prof. Darien Bahringer', 'Ida Jerde', 'Dr. Marc Kub Jr.', '538 Bria Courts\nNew Ernestine, IN 23322-4784', '1784 Rau Groves Suite 956\nPatriciatown, MT 41864', '235', '+3080031929018', '0', '2020-12-20 07:57:53', '2020-12-20 07:57:53'),
(93, 'Jay Larson', 'Hortense Jones', 'Elwin Hagenes', '9362 Barton Village\nEmmieview, ME 02933-6011', '383 Blick Mews\nNew Nikochester, SD 73652-7397', '57729', '+8714764600833', '0', '2020-12-20 07:57:53', '2020-12-20 07:57:53'),
(94, 'Skye Stehr', 'Deshawn Hermann Jr.', 'Einar Gaylord', '57697 Meaghan Square Apt. 508\nEast Caramouth, PA 40149', '24824 Jacey Passage Apt. 263\nLake Johnathon, SD 81735', '8197', '+5944407748695', '0', '2020-12-20 07:57:53', '2020-12-20 07:57:53'),
(95, 'Garth Botsford', 'Mario Mante III', 'Mrs. Zelma Reichel I', '1773 Torphy Skyway Suite 642\nEast Rethaside, NH 43170', '58995 Brown Village Apt. 542\nNew Abigayleport, AZ 33856', '845', '+4624855156767', '0', '2020-12-20 07:57:53', '2020-12-20 07:57:53'),
(96, 'Brian Jones', 'Miss Kenyatta Hand III', 'Lavon Klein II', '227 Kuphal Circle Apt. 850\nEast Kirstin, MD 12397', '2680 Von Isle Apt. 181\nSchmittview, WI 03635', '6803', '+6357850845382', '0', '2020-12-20 07:57:53', '2020-12-20 07:57:53'),
(97, 'Vance Gislason', 'Dr. Alan Streich', 'Dessie Littel', '365 Farrell Cliff Suite 013\nNorth Maddisonbury, FL 44858', '6563 Nader Bypass Suite 710\nEast Myrtieton, KY 33841-7099', '65792', '+9871957921086', '0', '2020-12-20 07:57:53', '2020-12-20 07:57:53'),
(98, 'Dewitt Goldner', 'Brendan Schulist', 'Dr. Edmond Kozey', '5867 Dolly Squares\nTrentbury, VA 15046', '242 Casper Brook Suite 473\nWest Gwen, AL 72790-5118', '41078', '+2398130948544', '0', '2020-12-20 07:57:53', '2020-12-20 07:57:53'),
(99, 'Emery Yundt', 'Juston Fisher', 'Mrs. Laisha Hayes Jr.', '98047 Carlo Drive Suite 159\nStoltenbergstad, WY 62512-6947', '1226 Hegmann Views\nLeschborough, RI 01280-2884', '6053', '+1916985369313', '0', '2020-12-20 07:57:53', '2020-12-20 07:57:53'),
(100, 'Dr. Rick Stoltenberg', 'Kristoffer Stiedemann', 'Savannah Veum', '2186 Kiley Shores\nSouth Omariborough, NM 35591-2992', '581 Berniece Field Apt. 491\nEast Russel, DE 32388', '919', '+6790725424181', '0', '2020-12-20 07:57:53', '2020-12-20 07:57:53'),
(101, 'Friedrich Ondricka', 'Agustin Gaylord I', 'Damien Lehner DDS', '883 McLaughlin Mall\nLake Juddborough, MN 49452', '95497 Brycen Trace Suite 857\nLake Cydney, SC 00963-8064', '22566', '+8746314087128', '0', '2020-12-20 07:57:53', '2020-12-20 07:57:53'),
(102, 'Mr. Harry Kerluke', 'Freeman Rodriguez', 'Prof. Malcolm Ryan', '234 Schiller Squares\nTristianview, LA 95897-6291', '6206 Heidenreich Heights Apt. 660\nWest Sabrinaville, VT 40086', '66798', '+2267005220025', '0', '2020-12-20 07:57:53', '2020-12-20 07:57:53'),
(103, 'Dr. Keanu Abshire III', 'Elaina Jacobs', 'Miss Mariam Schmeler DDS', '5334 Jones Spurs\nEast Arvel, FL 75809', '256 Kub Glen Suite 469\nReichertmouth, MT 87973-4875', '347', '+6649177038635', '0', '2020-12-20 07:57:53', '2020-12-20 07:57:53'),
(104, 'Annette Runte DVM', 'Kian Zboncak', 'Raquel Mraz Sr.', '89012 Herman Shores Apt. 594\nRoobville, OK 75108', '780 Talon Mount Apt. 350\nNew Florencio, KY 62286-9907', '8429', '+4030993672693', '0', '2020-12-20 07:57:53', '2020-12-20 07:57:53'),
(105, 'Ms. Karolann Lang', 'Abel Wintheiser', 'Zena Trantow', '22192 Howell Crescent Apt. 066\nNikolausshire, MS 11244', '5547 Dina Pike\nSouth Columbustown, AR 89285', '1654', '+1886020737109', '0', '2020-12-20 07:57:53', '2020-12-20 07:57:53'),
(106, 'Jamie Lubowitz', 'Dr. Irving Anderson', 'Sabina Bayer', '931 Vito Islands\nNew Petraborough, ID 58412', '816 Ofelia Club Apt. 950\nAndersonburgh, VA 00488-5635', '7721', '+1747564171454', '0', '2020-12-20 07:57:53', '2020-12-20 07:57:53'),
(107, 'Prof. Grant Hoppe', 'Dr. Izabella Conn', 'Prof. Ramona Hagenes', '1138 Neil Glen\nWest Makenna, MT 84232', '97490 Hermann Fall Apt. 923\nWendellside, AK 15096', '43864', '+9300104438306', '0', '2020-12-20 07:57:53', '2020-12-20 07:57:53'),
(108, 'May Orn', 'Selena Gusikowski', 'Mathias Towne', '527 Schuppe Heights\nClaudeburgh, MO 64270', '126 Kutch Villages\nGennaroville, LA 95827-9639', '3704', '+4942178790477', '0', '2020-12-20 07:57:53', '2020-12-20 07:57:53'),
(109, 'Boris Jenkins DDS', 'Prof. Neal Koelpin', 'Dr. Mateo Hickle', '459 Emerald Drive\nPort Jerad, MT 45760-3100', '79078 Monica Inlet\nWest Parisburgh, IL 97395', '7922', '+7162028457796', '0', '2020-12-20 07:57:53', '2020-12-20 07:57:53'),
(110, 'Keenan Murazik DDS', 'Lauretta Effertz', 'Frederic Windler', '5937 Labadie Station\nEzrafort, FL 66897-3011', '16336 McGlynn Highway Apt. 997\nNorth Rico, WA 60105', '229', '+6803788220319', '0', '2020-12-20 07:57:53', '2020-12-20 07:57:53'),
(111, 'Mr. Keenan Reilly Sr.', 'Camryn Brekke', 'Ismael Marquardt', '700 Esmeralda Valleys\nNorth Jeanette, MI 03783-5630', '663 Kreiger Roads Apt. 953\nWinifredfurt, CA 37306', '504', '+6618565923912', '0', '2020-12-20 07:57:53', '2020-12-20 07:57:53'),
(112, 'Nayeli Christiansen DDS', 'Dr. Nigel Tillman MD', 'Hilbert Kerluke', '323 Halvorson Knolls\nSouth Carolina, DE 85620', '908 Carroll Bridge Apt. 905\nLitzyfurt, VA 69086-4852', '4157', '+6058477610309', '0', '2020-12-20 07:57:53', '2020-12-20 07:57:53'),
(113, 'Prof. Linwood Borer DVM', 'Kelsie Kassulke', 'Selena Turner DVM', '4725 Osinski Orchard Suite 169\nHirtheside, MI 27328-9021', '21827 Raphael Rapids\nDagmarport, MS 44617', '35617', '+7212463728467', '0', '2020-12-20 07:57:53', '2020-12-20 07:57:53'),
(114, 'Rosalind Reynolds PhD', 'Eve Breitenberg', 'Alfreda Blick Sr.', '39406 McGlynn Street\nEast Justinehaven, PA 75767-0388', '4058 Jennifer Squares Apt. 886\nNew Vallieberg, ND 43406-1820', '945', '+1955292215974', '0', '2020-12-20 07:57:53', '2020-12-20 07:57:53'),
(115, 'Rene Koss', 'Abby Bailey', 'Newell Abernathy', '235 Leonor Unions Suite 892\nPort Kamrynport, DE 04495', '697 Shields Harbor\nLake Juvenalchester, WI 95604-1283', '52624', '+4163699798372', '0', '2020-12-20 07:57:53', '2020-12-20 07:57:53'),
(116, 'Savanna Schmeler', 'Mr. Rogers Bernier DVM', 'Mr. Leland Mante DDS', '458 Vincenza Forges\nWest Jarvisland, TN 29500', '16625 Rohan Brook\nNew Penelopemouth, VT 13410-6120', '9692', '+8432756772257', '0', '2020-12-20 07:57:53', '2020-12-20 07:57:53'),
(117, 'Diana Jacobi', 'Ms. Kyla Kuhn', 'Dr. Amelie Bins V', '47881 Alene Mountain\nSouth Josianeberg, LA 21737', '219 Mike Pine Suite 676\nTayatown, AR 91440', '51332', '+5073175918029', '0', '2020-12-20 07:57:53', '2020-12-20 07:57:53'),
(118, 'Salvatore Walsh', 'Rowan VonRueden', 'Natalia Cassin I', '50571 Camilla Mall Suite 492\nNew Shad, AL 17930-7255', '5869 Gunner Cliffs\nNew Leopoldland, AZ 32241', '366', '+7103738077924', '0', '2020-12-20 07:57:53', '2020-12-20 07:57:53'),
(119, 'Edyth Lemke', 'Reina Mills', 'Rowena Wilderman Sr.', '740 Bartell Expressway\nAbdielfort, OR 07430-5695', '4063 Abby Ridges\nRaynorfort, FL 32168-6864', '358', '+4616788607787', '0', '2020-12-20 07:57:53', '2020-12-20 07:57:53'),
(120, 'Keara Thompson', 'General Botsford', 'Kraig Kling', '131 Rosenbaum Bridge\nMatteoton, NE 68320', '29084 Cristian Views\nBeattyport, WV 51704-3093', '20581', '+4230689996292', '0', '2020-12-20 07:57:53', '2020-12-20 07:57:53'),
(121, 'Miss Leonora Gusikowski', 'Claud Pouros', 'Prof. Jedidiah Parker', '683 Green Drive\nSipesfurt, IN 89637-2235', '349 Zack Curve\nTerryton, WY 28467', '3050', '+9252086681452', '0', '2020-12-20 07:57:53', '2020-12-20 07:57:53'),
(122, 'Dr. Cale Stokes', 'Gunner Pfannerstill', 'Jennie Bogisich', '708 Blick Court\nCarastad, DC 62230', '9966 Aufderhar Crossroad\nEast Samir, KY 25460-5205', '9786', '+9133022236657', '0', '2020-12-20 07:57:53', '2020-12-20 07:57:53'),
(123, 'Jordane Prosacco', 'Prof. Curt Schultz', 'Kolby Rodriguez', '5357 Muller Flats\nRaynorhaven, WA 82873-4539', '310 Greenholt Point Suite 649\nPort Marjorietown, GA 26261-7513', '786', '+4470281244134', '0', '2020-12-20 07:57:53', '2020-12-20 07:57:53'),
(124, 'Samir White Jr.', 'Dayana DuBuque', 'Glenda Hills', '521 Nienow Land\nSouth Aliyah, RI 73203-2734', '685 Justine Park\nRogahnberg, VA 95810', '663', '+1419642124987', '0', '2020-12-20 07:57:54', '2020-12-20 07:57:54'),
(125, 'Florian Reinger', 'Yazmin Goldner', 'Mrs. Shanny Wehner', '28868 Block Parkway\nHoegermouth, FL 77117', '40337 Ocie Lodge\nGuidomouth, TN 35243-4591', '7629', '+8101578453118', '0', '2020-12-20 07:57:54', '2020-12-20 07:57:54'),
(126, 'Heber O\'Reilly', 'Sonia Conroy', 'Elisha Hand', '701 Wisozk Brooks\nEast Hoseamouth, AL 61802', '110 Beier Trafficway Apt. 811\nAdrielmouth, FL 87092-6148', '3460', '+8697980615663', '0', '2020-12-20 07:57:54', '2020-12-20 07:57:54'),
(127, 'Miss Kiana Rau', 'Dessie Thompson', 'Prof. Noemy Crist', '8602 Maxine Street Apt. 340\nNew Geoffrey, DC 14249-3517', '3112 Simonis Meadows\nNew Bernicebury, OK 74853', '6292', '+2089546109967', '0', '2020-12-20 07:57:54', '2020-12-20 07:57:54'),
(128, 'Dr. Maybelle Pacocha V', 'Monserrate Prohaska', 'Timmothy Tillman', '544 Hettinger Drive Apt. 593\nKianfurt, MI 46834-5372', '8064 Boyer Mill Suite 985\nWest Jeramyborough, VA 97758', '578', '+5362543012938', '0', '2020-12-20 07:57:54', '2020-12-20 07:57:54'),
(129, 'Kasey Donnelly I', 'Marianne D\'Amore Jr.', 'Blaise Russel', '791 Ferry Port\nNew Myrtice, CO 42090-9851', '506 Charlene Field\nKiehnhaven, VT 55063-2276', '934', '+9246018077283', '0', '2020-12-20 07:57:54', '2020-12-20 07:57:54'),
(130, 'Prof. Marie Crist III', 'Karlee Waelchi II', 'Kenya Kunde', '1882 Omari Port\nOndrickafurt, NC 71908-4885', '71522 Hammes Summit\nJazmynemouth, ME 74143', '20037', '+8639586188892', '0', '2020-12-20 07:57:54', '2020-12-20 07:57:54'),
(131, 'Herta Feil', 'Cielo Crooks DDS', 'Ms. Nikita Renner IV', '167 Josephine Station\nNorth Alexandraview, NY 22115-2691', '977 Blanda Valleys\nMarkschester, FL 10608', '58074', '+4395467235653', '0', '2020-12-20 07:57:54', '2020-12-20 07:57:54'),
(132, 'Miss Tyra Larkin', 'Granville Stamm', 'Lemuel Hammes', '95903 Schroeder Drives Apt. 682\nRobbfurt, PA 25517', '6089 Chris Drive\nLake Marcus, MA 52419-1142', '8479', '+7094041513763', '0', '2020-12-20 07:57:54', '2020-12-20 07:57:54'),
(133, 'Dr. Lukas Kuhic III', 'Braden Botsford PhD', 'Denis Mertz', '6263 Schuppe Heights\nWest Clotildechester, LA 24335-2679', '6499 Moshe Loaf\nSchmelerchester, ME 44202-2354', '66763', '+5736497409917', '0', '2020-12-20 07:57:54', '2020-12-20 07:57:54'),
(134, 'Prof. Johnny Lang DVM', 'Curt Pouros', 'Gloria Rempel', '761 Jakubowski Shore Suite 002\nLake Hectormouth, CT 59965', '1975 Sienna Prairie Suite 443\nHarberview, IA 93634-9903', '9120', '+2558681793732', '0', '2020-12-20 07:57:54', '2020-12-20 07:57:54'),
(135, 'Elouise Okuneva Jr.', 'Charles Mante', 'Jacques Huels', '1348 Bahringer Island\nDeondreport, WI 00922-5047', '33148 Fisher Crossing Apt. 538\nZiemannstad, IA 10407', '24790', '+7681985251040', '0', '2020-12-20 07:57:54', '2020-12-20 07:57:54'),
(136, 'Zechariah Berge', 'Prof. Cade Ernser', 'Guido Hoeger', '87469 Ubaldo Orchard Suite 845\nJasonbury, IL 01912', '46439 Kling Unions Apt. 408\nPort Montana, PA 21866', '526', '+6088605804628', '0', '2020-12-20 07:57:54', '2020-12-20 07:57:54'),
(137, 'Ms. Cheyenne Effertz', 'Prof. Randal Jast II', 'Jaqueline Murray', '77561 Bruen Ville\nSouth Devinville, NE 62495', '55963 Jacobi Pines\nFritschland, RI 08757-4728', '194', '+3672216256723', '0', '2020-12-20 07:57:54', '2020-12-20 07:57:54'),
(138, 'Brain Kuhic', 'Mrs. Wendy Mraz I', 'Peggie Strosin', '18986 Ziemann Knolls Suite 169\nEast Dasiaborough, MI 94995', '49600 Giovani Square\nCorkerystad, TX 25856-3808', '39694', '+4242156490925', '0', '2020-12-20 07:57:54', '2020-12-20 07:57:54'),
(139, 'Mr. Camden Wolf', 'Dexter Hill', 'Frederique Emard', '99521 Prosacco Roads Suite 578\nPort Harmony, MT 92058', '710 Ofelia Light Suite 872\nFlaviehaven, HI 38268-4955', '90361', '+2500868501904', '0', '2020-12-20 07:57:54', '2020-12-20 07:57:54'),
(140, 'Braxton Thompson PhD', 'Mackenzie Sanford', 'Mrs. Bulah Keebler DVM', '14988 Towne Extension Suite 286\nLake Rebeka, WA 03027-7274', '1233 Emmerich Groves\nLake Reed, SD 73933-7116', '24828', '+7204485128584', '0', '2020-12-20 07:57:54', '2020-12-20 07:57:54'),
(141, 'Lavinia Deckow', 'Mr. Ezequiel Hansen Jr.', 'Frederique Harvey PhD', '72036 Litzy Run Suite 535\nEddborough, NH 04806-9147', '9554 Reagan Greens Apt. 934\nRockyburgh, KY 77361', '79416', '+9861301597292', '0', '2020-12-20 07:57:54', '2020-12-20 07:57:54'),
(142, 'Calista Marquardt', 'Prof. Robert West IV', 'Americo Gislason', '16570 Terry Extension\nLake Mireya, GA 76776-4503', '482 Kulas Well Apt. 462\nNew Kenton, OK 58272', '730', '+7063461833976', '0', '2020-12-20 07:57:54', '2020-12-20 07:57:54'),
(143, 'Marian Lemke', 'Ms. Elenor Parisian', 'Mattie Orn', '31382 Gerald Way Suite 856\nNew Carlofurt, OH 16914', '16970 O\'Kon Orchard\nPort Eugenehaven, LA 26958-4710', '255', '+3700396711952', '0', '2020-12-20 07:57:54', '2020-12-20 07:57:54'),
(144, 'Leonor Spencer', 'Mr. Evert Witting', 'Prof. Maximo Senger IV', '2034 Garrick Hollow Apt. 417\nElizastad, CT 61088', '36499 Kub Mount Suite 908\nMarlenstad, AK 72476', '35015', '+5238818968122', '0', '2020-12-20 07:57:54', '2020-12-20 07:57:54'),
(145, 'Giuseppe Predovic Jr.', 'Jedidiah Kerluke', 'Dr. Malachi Kling PhD', '8716 Reinger Crossing\nWest Eldon, MN 85874', '905 Dillan Estates\nBoyerstad, MI 65051-1698', '4114', '+9824153103446', '0', '2020-12-20 07:57:54', '2020-12-20 07:57:54'),
(146, 'Prof. Kelton Spinka', 'Lelia Bailey MD', 'Favian Beier DVM', '300 Block Drive Apt. 062\nWest Ova, MA 85780-4694', '3834 Ardith Islands\nSouth Shaniamouth, WI 72705-7070', '868', '+4709717532992', '0', '2020-12-20 07:57:54', '2020-12-20 07:57:54'),
(147, 'Dr. Dejon Kemmer Sr.', 'Nella Cormier', 'Yvette Conn PhD', '53933 Prosacco Valley Suite 266\nWest Hannah, MD 79790-4044', '8858 Ludie Inlet Apt. 356\nLake Noeton, NM 66378-2925', '3758', '+6538184240568', '0', '2020-12-20 07:57:54', '2020-12-20 07:57:54'),
(148, 'Ruben Kunde', 'Miss Karen Collins', 'Maddison Grant Sr.', '23469 Dibbert Burgs Apt. 101\nDemetrisland, NV 28321-0539', '562 Thiel Landing\nLake Jettieport, PA 02093-0356', '472', '+2091014318832', '0', '2020-12-20 07:57:54', '2020-12-20 07:57:54'),
(149, 'Justice Renner', 'Mario Emmerich', 'Selina Kuhn', '3039 Douglas Well\nSouth Ottisland, CO 44188-5925', '673 Aracely Ramp Apt. 752\nViolamouth, NH 21840-5038', '53884', '+8743370356630', '0', '2020-12-20 07:57:54', '2020-12-20 07:57:54'),
(150, 'Jean Rutherford', 'Macie Kuhn DVM', 'Lynn Nicolas', '102 Stephan Plain\nMistyburgh, CT 21761', '796 Spinka Shoal\nPort Assunta, ID 69292-9584', '870', '+6627831514172', '0', '2020-12-20 07:57:54', '2020-12-20 07:57:54'),
(151, 'Tod Crona', 'Aileen Stark', 'Libby Bergstrom', '62064 Johns Trace Apt. 049\nArvidberg, AL 19366-2995', '76028 Kunze Mountains\nLake Cristian, WI 70720', '7289', '+4807756070558', '0', '2020-12-20 07:57:54', '2020-12-20 07:57:54'),
(152, 'Nadia Leuschke', 'Glennie Homenick Sr.', 'Bennett Kling', '8423 McKenzie Flat Apt. 006\nLake Brendonfort, AR 31407', '742 Lennie Hills Apt. 258\nNorth Mohammed, NE 24378-3310', '4330', '+2406656848242', '0', '2020-12-20 07:57:54', '2020-12-20 07:57:54'),
(153, 'Ms. Wendy Bechtelar DDS', 'Breana Dicki', 'Kailyn Baumbach', '9746 Shawna Ferry\nNorth Mayaburgh, WI 42354', '690 Antonietta Flats\nNew Lauretta, CT 53190-0540', '1525', '+5238553578874', '0', '2020-12-20 07:57:54', '2020-12-20 07:57:54'),
(154, 'Mandy Hyatt', 'Nathan Harris', 'Dulce Bernier IV', '256 Vandervort Centers\nNew Martin, TX 56874', '261 Teresa Falls\nJuanitamouth, LA 90279-4828', '70963', '+8489780088636', '0', '2020-12-20 07:57:54', '2020-12-20 07:57:54'),
(155, 'Mr. Rudy Pacocha IV', 'Lenora Weimann', 'Kameron Gerhold', '3144 Marcelle Valley\nRunolfsdottirmouth, DC 01991-3571', '27255 Fiona Villages Suite 411\nKerlukeville, ID 45666-3936', '62393', '+2687153294593', '0', '2020-12-20 07:57:54', '2020-12-20 07:57:54'),
(156, 'Heber Stanton', 'Georgiana Hoppe', 'Kristin Larkin IV', '13728 Gaylord View Apt. 989\nArvidmouth, IN 95535-7114', '6052 Solon Branch\nEast Adrielchester, MT 77741', '8138', '+6974374821351', '0', '2020-12-20 07:57:54', '2020-12-20 07:57:54'),
(157, 'Ernest Mohr', 'Harvey Lind Sr.', 'Josiah Wisoky', '7545 Mosciski Groves\nNew Brenna, LA 55731-5298', '41786 Pagac Turnpike\nEast Monica, MI 74601-3825', '8965', '+1979446825877', '0', '2020-12-20 07:57:54', '2020-12-20 07:57:54'),
(158, 'Mrs. Hailie Powlowski', 'Lelah Gislason', 'Jody West', '228 Mayert Stravenue\nBartellberg, NV 35614', '3781 Judd Road\nKeelingfort, WY 87689-3887', '782', '+6228579560183', '0', '2020-12-20 07:57:54', '2020-12-20 07:57:54'),
(159, 'Mr. Foster Altenwerth DDS', 'Thora Murazik', 'Prof. Devon Durgan II', '637 Murphy Bypass Apt. 391\nPort Dedric, ME 95032', '58450 Roberts Avenue\nDorothyview, NH 24177', '81635', '+4701435260793', '0', '2020-12-20 07:57:54', '2020-12-20 07:57:54'),
(160, 'Asia McLaughlin', 'Al Bogan V', 'Hector Rempel', '96995 Flatley Summit\nHillland, TN 69408-4521', '229 Streich Hill\nBeattyview, LA 47507', '563', '+9675090685976', '0', '2020-12-20 07:57:54', '2020-12-20 07:57:54'),
(161, 'Clara Hudson Sr.', 'Marisa Jones', 'Dr. Cecile Koelpin', '235 Heller Vista\nSchmidtchester, TX 28536', '6805 Klein Walks\nWuckertfurt, LA 89225-5129', '815', '+9580103740217', '0', '2020-12-20 07:57:54', '2020-12-20 07:57:54'),
(162, 'Hipolito Jaskolski', 'Adrian Bogisich', 'Dortha Gottlieb', '1589 Willa Greens Apt. 021\nWest Devyn, MI 17197', '2783 Elise Neck\nLeuschketown, MT 94962-6600', '9059', '+2071587731575', '0', '2020-12-20 07:57:54', '2020-12-20 07:57:54'),
(163, 'Tia Smith', 'Dr. Pearline Anderson', 'Maegan Koepp II', '615 Rickey Shoal\nLeraside, MA 20179', '297 Renner Shore Suite 305\nMacejkovicton, SD 97565', '763', '+5461614489815', '0', '2020-12-20 07:57:54', '2020-12-20 07:57:54'),
(164, 'Bessie Koelpin', 'Joyce Nader', 'Mrs. Anissa Schiller', '634 Marguerite Parkway\nWisokymouth, AR 30245', '921 Nicholaus Harbors\nLake Pinkie, MD 49585', '26810', '+7560033372480', '0', '2020-12-20 07:57:54', '2020-12-20 07:57:54'),
(165, 'Darrin O\'Hara', 'Flo Sanford', 'Cassidy Dach', '556 Dominique Mews\nKesslerside, TN 87880', '938 Doyle Union Suite 931\nCandelariofort, AR 70010', '4446', '+4562696505624', '0', '2020-12-20 07:57:54', '2020-12-20 07:57:54'),
(166, 'Roberta Gulgowski', 'Prof. Gerald Ortiz MD', 'Tad Toy', '199 Spencer Pine\nCydneyborough, AR 98170-2982', '3031 Pamela Drives Suite 435\nWest Raleigh, TN 19546-8928', '24628', '+1654576348247', '0', '2020-12-20 07:57:54', '2020-12-20 07:57:54'),
(167, 'Henry Shanahan MD', 'Prof. Cloyd Osinski', 'Tressie Kessler', '93733 Emory Shores\nWest Vada, WV 43772-2306', '93020 Bo Harbors\nRollinfurt, LA 51488-1282', '476', '+8369634787025', '0', '2020-12-20 07:57:54', '2020-12-20 07:57:54'),
(168, 'Maryjane Marks II', 'Marian Runolfsdottir DDS', 'Lillian Schulist', '1660 Dietrich Groves\nLake Dominic, VA 27745', '9447 Grady Ridges Apt. 063\nOkunevachester, KY 63632-2818', '966', '+5972434347535', '0', '2020-12-20 07:57:54', '2020-12-20 07:57:54'),
(169, 'Rick Hudson', 'Mr. Grover Parisian', 'Mr. Justen Will', '74020 Weissnat Dale\nDaytonton, HI 33267', '8348 Keebler Pass Suite 160\nSchadentown, KY 50579-6729', '330', '+9276275287289', '0', '2020-12-20 07:57:54', '2020-12-20 07:57:54'),
(170, 'Raegan Jenkins', 'Mr. Orrin Braun I', 'Harmon Kunze', '39623 Kristoffer Streets Apt. 180\nPort Amina, UT 32733-5441', '529 Camylle Path\nVerdieview, LA 57785-6054', '7819', '+2792463084094', '0', '2020-12-20 07:57:54', '2020-12-20 07:57:54'),
(171, 'Ova Gaylord II', 'Audie DuBuque', 'Luisa Stanton IV', '64764 Marilou Via\nOrlofort, WY 96254', '708 Spinka Union Apt. 602\nArturomouth, TN 41377-7784', '331', '+6427276049103', '0', '2020-12-20 07:57:54', '2020-12-20 07:57:54'),
(172, 'Jarrett Weimann', 'Chris Schoen', 'Jayson Luettgen', '280 Harold Bypass\nNew Richmondfurt, TX 21916-1455', '4960 Neoma Dam\nPort Myrtisport, KS 94304', '22349', '+4294179319102', '0', '2020-12-20 07:57:54', '2020-12-20 07:57:54'),
(173, 'Terrill Robel', 'Mrs. Danyka Goldner', 'Brianne Cronin', '444 Conroy Junction Suite 888\nColefort, NJ 61664-1456', '29867 Jevon Throughway\nPort Garnetport, NH 52544', '2017', '+4890040667770', '0', '2020-12-20 07:57:54', '2020-12-20 07:57:54'),
(174, 'Pauline Torphy', 'Bruce Schultz', 'Dr. Marcia Douglas', '3431 Hand Street\nJayfurt, WI 15794-2618', '88058 Gerlach Summit Suite 486\nSouth Nicolefurt, MD 03486-4586', '45039', '+2984631829942', '0', '2020-12-20 07:57:54', '2020-12-20 07:57:54'),
(175, 'Cedrick Carroll DDS', 'Curt Streich', 'Stuart Robel', '483 Koelpin Estates\nSouth Glennie, ND 20817-3688', '369 Fritsch Dale\nNorth Marilyneport, WY 85844-6606', '809', '+2837356193481', '0', '2020-12-20 07:57:54', '2020-12-20 07:57:54'),
(176, 'Dr. Oral Rodriguez I', 'Prof. Mozell Hessel IV', 'Jarvis O\'Connell', '71063 Oda Lake\nPort Armandchester, MA 37394-1865', '70084 Kiehn Estates Suite 609\nLake Garret, NJ 92202', '739', '+6203093212624', '0', '2020-12-20 07:57:54', '2020-12-20 07:57:54'),
(177, 'Bridget Wyman', 'Kraig Wintheiser', 'Elza Cole Sr.', '1364 Niko Ways\nLake Madilynmouth, GA 81906-3149', '40279 Schneider Extensions Apt. 470\nReichelview, NH 56244', '2413', '+8097104501253', '0', '2020-12-20 07:57:54', '2020-12-20 07:57:54'),
(178, 'Jillian Nicolas', 'Foster Dach', 'Logan Crona IV', '35050 Devin Harbors\nLake Bud, TN 91235', '86591 Fay Highway Apt. 712\nNew Nash, MT 57535', '450', '+8240532746374', '0', '2020-12-20 07:57:54', '2020-12-20 07:57:54'),
(179, 'Jordan Gutmann', 'Marcus Hilpert', 'Bo O\'Reilly', '3646 Labadie Run Apt. 065McKenziestad, NE 00544-7250', '3646 Labadie Run Apt. 065McKenziestad, NE 00544-7250', '1115', '01716724245', 'images/members/rlhEEdHShDLVuHbvZFUl3WxYTgfTxp6ZTIkcDcQr.png', '2020-12-20 07:57:54', '2020-12-25 23:49:40'),
(180, 'Krista Parker', 'Anais Conn', 'Robin Quigley', '2789 Funk Valley\nShanieshire, AL 57125-2208', '28705 Breanne Lodge Apt. 169\nNorth Nolastad, AZ 51087', '5609', '+9227326285236', '0', '2020-12-20 07:57:54', '2020-12-20 07:57:54'),
(181, 'Prof. Myriam Hane', 'Blanca Von', 'Wilfrid Weissnat PhD', '4651 Rebecca Stravenue\nHettingermouth, CO 33135', '716 Pfannerstill Trafficway Suite 216\nHegmannburgh, NY 48325-4347', '1370', '+5437613734139', '0', '2020-12-20 07:57:54', '2020-12-20 07:57:54'),
(182, 'Lindsay Beer', 'Alan Bosco', 'Gussie Feest', '6652 Effertz Pike\nSauerville, NH 95939', '700 Christiansen Spring\nTheodoreberg, MN 51893-8881', '183', '+3900696199627', '0', '2020-12-20 07:57:54', '2020-12-20 07:57:54'),
(185, 'Barrett Stokes', 'Billy Halvorson IV', 'Gene Weimann', '77095 Blick Mill\nJacobschester, NE 50494-0222', '267 Lockman Gardens Suite 492\nBlandabury, WV 86050-9597', '408', '+7853238274360', '0', '2020-12-20 07:57:54', '2020-12-20 07:57:54'),
(186, 'Tierra Oberbrunner', 'Cleo Carter', 'Loyal Luettgen I', '5896 Weissnat Loaf\nLake Anabel, LA 23772-9297', '587 Zboncak Locks Apt. 982\nWatsicabury, IA 69205-2279', '6854', '+2030469995361', '0', '2020-12-20 07:57:54', '2020-12-20 07:57:54'),
(190, 'Mrs. Josie Stoltenberg Sr.', 'Dahlia Daugherty', 'Leonie Toy', '881 Milo Light\nAustenfurt, MO 49035', '681 Pfannerstill Circle\nWymanville, CO 22149-5560', '284', '+9812062317953', '0', '2020-12-20 07:57:54', '2020-12-20 07:57:54'),
(192, 'Alessandro Altenwerth', 'Ms. Destiny Windler PhD', 'Immanuel Monahan V', '7422 Fay Islands\nAlbertoshire, OR 17769-5363', '9574 Brionna Bypass Apt. 754\nNew Zoie, CT 83870', '36156', '+4742706604818', '0', '2020-12-20 07:57:54', '2020-12-20 07:57:54'),
(193, 'Prof. Maribel Maggio Jr.', 'Dr. Mason Kerluke IV', 'Donavon Jacobson II', '56190 Kirlin Lights\nTrantowland, RI 98966-2724', '7397 Lemke Walk Suite 661\nMohamedmouth, AZ 92482', '9147', '+3432279369366', '0', '2020-12-20 07:57:54', '2020-12-20 07:57:54'),
(195, 'Name Abernathy', 'Alejandrin Bradtke', 'Ms. Brandy Deckow', '432 Jedediah Brooks\nPort Ardella, SC 05303', '9304 Labadie Orchard Apt. 162\nLake Carlo, GA 87656-0087', '2856', '+8115706709369', '0', '2020-12-20 07:57:54', '2020-12-20 07:57:54'),
(198, 'Corene Jerde Jr.', 'Rylee Bashirian', 'Elliott Orn', '325 Reanna Court Apt. 090Port Otho, NM 76481-5147', '325 Reanna Court Apt. 090Port Otho, NM 76481-5147', '4071', '01716724245', '0', '2020-12-20 07:57:54', '2020-12-23 02:32:11'),
(199, 'Kamruzzaman', 'Md. Matiru Rahman', 'Rokeya Khatun', 'Mymensingh', 'Mymensingh', '1248645', '01716724245', 'images/members/9HEuJGTEI5txlmOw1ZHzFNfGEap0kOFOR2BDAn3D.jpg', '2020-12-23 03:39:01', '2021-03-22 06:49:00'),
(200, 'Ikramuzzaman Akand', 'Md. Younus Ali Akand', 'Rawshon', '17/Gha Jail Road', '17/Gha Jail Road', '5365941', '01786494650', 'images/members/WPKAghSaAWDSKbmOAAvniaeHKeszrwQsQjUur35L.jpg', '2021-03-20 04:17:00', '2021-03-20 04:17:00'),
(201, 'Ikramuzzaman Akand', 'Md. Younus Ali Akand', 'Mrs.Rawshon', '17/Gha Jail Road', '17/Gha Jail Road', '5365941', '01786494650', 'images/members/RPWnQJ1IDx985fa53FsFwtTDOYBlzSF9FfKCSlbp.jpg', '2021-04-06 23:30:43', '2021-04-06 23:30:43'),
(202, 'Araf Ksrim', 'Md. Younus Ali Akand', 'Mrs.Rawshon', '17/Gha Jail Road, Golgonda, Mymensingh', '17/Gha Jail Road, Golgonda, Mymensingh', '5365942', '01786494651', 'images/members/c2iliojGY9RyaPAwZOZsqO3kYK5avramCnJambcc.jpg', '2021-04-06 23:51:19', '2021-04-06 23:51:19');

-- --------------------------------------------------------

--
-- Table structure for table `migrations`
--

CREATE TABLE `migrations` (
  `id` int(10) UNSIGNED NOT NULL,
  `migration` varchar(255) COLLATE utf8mb4_unicode_ci NOT NULL,
  `batch` int(11) NOT NULL
) ENGINE=InnoDB DEFAULT CHARSET=utf8mb4 COLLATE=utf8mb4_unicode_ci;

--
-- Dumping data for table `migrations`
--

INSERT INTO `migrations` (`id`, `migration`, `batch`) VALUES
(1, '2014_10_12_000000_create_users_table', 1),
(2, '2014_10_12_100000_create_password_resets_table', 1),
(3, '2019_08_19_000000_create_failed_jobs_table', 1),
(4, '2020_12_20_130708_create_members_table', 2),
(5, '2020_12_22_045308_create_vehicles_table', 3),
(6, '2020_12_22_071844_create_roads_table', 4),
(8, '2020_12_22_072428_create_road_permissions_table', 5),
(9, '2020_12_22_103829_create_archive_road_permissions_table', 6);

-- --------------------------------------------------------

--
-- Table structure for table `password_resets`
--

CREATE TABLE `password_resets` (
  `email` varchar(255) COLLATE utf8mb4_unicode_ci NOT NULL,
  `token` varchar(255) COLLATE utf8mb4_unicode_ci NOT NULL,
  `created_at` timestamp NULL DEFAULT NULL
) ENGINE=InnoDB DEFAULT CHARSET=utf8mb4 COLLATE=utf8mb4_unicode_ci;

-- --------------------------------------------------------

--
-- Table structure for table `roads`
--

CREATE TABLE `roads` (
  `id` bigint(20) UNSIGNED NOT NULL,
  `road_map` varchar(255) COLLATE utf8mb4_unicode_ci NOT NULL,
  `description` text COLLATE utf8mb4_unicode_ci,
  `created_at` timestamp NULL DEFAULT NULL,
  `updated_at` timestamp NULL DEFAULT NULL
) ENGINE=InnoDB DEFAULT CHARSET=utf8mb4 COLLATE=utf8mb4_unicode_ci;

--
-- Dumping data for table `roads`
--

INSERT INTO `roads` (`id`, `road_map`, `description`, `created_at`, `updated_at`) VALUES
(1, '73862 Garrett Bypass', 'Dormouse, and repeated her question. \'Why did you manage to do this, so she sat on, with closed eyes, and feebly stretching out one paw, trying to find her way into that lovely garden. First.', '2020-12-22 01:51:30', '2020-12-22 01:51:30'),
(2, '6647 Trudie View', 'She was moving them about as it spoke. \'As wet as ever,\' said Alice very meekly: \'I\'m growing.\' \'You\'ve no right to grow up again! Let me see--how IS it to half-past one as long as I do,\' said Alice.', '2020-12-22 01:51:30', '2020-12-22 01:51:30'),
(3, '709 Eileen Harbors Suite 996', 'Like a tea-tray in the sea!\' cried the Gryphon, \'that they WOULD not remember the simple rules their friends had taught them: such as, \'Sure, I don\'t believe you do either!\' And the executioner.', '2020-12-22 01:51:30', '2020-12-22 01:51:30'),
(4, '80814 Nikolaus Spurs Suite 281', 'CHAPTER IX. The Mock Turtle replied in an encouraging opening for a minute or two the Caterpillar contemptuously. \'Who are YOU?\' Which brought them back again to the other: he came trotting along in.', '2020-12-22 01:51:30', '2020-12-22 01:51:30'),
(5, '77599 Hill Bypass', 'Mouse, who was a child,\' said the King. \'Then it wasn\'t trouble enough hatching the eggs,\' said the Mock Turtle replied, counting off the subjects on his slate with one finger; and the sounds will.', '2020-12-22 01:51:30', '2020-12-22 01:51:30'),
(6, '51836 Kautzer Streets Suite 484', 'Mock Turtle. \'And how many hours a day or two: wouldn\'t it be of any use, now,\' thought Alice, as the Rabbit, and had just begun to repeat it, but her head down to her head, and she very seldom.', '2020-12-22 01:51:30', '2020-12-22 01:51:30'),
(7, '1042 Hills Inlet', 'The King and the m--\' But here, to Alice\'s side as she listened, or seemed to be listening, so she waited. The Gryphon lifted up both its paws in surprise. \'What! Never heard of such a simple.', '2020-12-22 01:51:30', '2020-12-22 01:51:30'),
(8, '30429 Eda Village', 'I\'ll give them a railway station.) However, she got to the Dormouse, and repeated her question. \'Why did they live on?\' said the Cat. \'I said pig,\' replied Alice; \'and I wish you were or might have.', '2020-12-22 01:51:30', '2020-12-22 01:51:30'),
(9, '661 Marianna Plains', 'And when I was a general chorus of \'There goes Bill!\' then the Mock Turtle had just succeeded in curving it down \'important,\' and some of them attempted to explain the paper. \'If there\'s no harm in.', '2020-12-22 01:51:30', '2020-12-22 01:51:30'),
(10, '90305 Marietta Plaza Apt. 090', 'She said the Cat: \'we\'re all mad here. I\'m mad. You\'re mad.\' \'How do you mean \"purpose\"?\' said Alice. \'I don\'t even know what \"it\" means.\' \'I know SOMETHING interesting is sure to happen,\' she said.', '2020-12-22 01:51:30', '2020-12-22 01:51:30'),
(11, '26738 Micaela Lake Suite 757', 'It means much the same solemn tone, \'For the Duchess. \'I make you a present of everything I\'ve said as yet.\' \'A cheap sort of idea that they couldn\'t get them out of the pack, she could not stand.', '2020-12-22 01:57:24', '2020-12-22 01:57:24'),
(12, '4492 Tamara Square Apt. 944', 'March Hare. Visit either you like: they\'re both mad.\' \'But I don\'t know much,\' said the Caterpillar. \'I\'m afraid I am, sir,\' said Alice; \'all I know all the while, and fighting for the Dormouse,\'.', '2020-12-22 01:57:24', '2020-12-22 01:57:24'),
(13, '4065 Hammes Run Apt. 270', 'Lizard in head downwards, and the three were all shaped like ears and the whole party swam to the porpoise, \"Keep back, please: we don\'t want to be?\' it asked. \'Oh, I\'m not used to come once a week.', '2020-12-22 01:57:24', '2020-12-22 01:57:24'),
(14, '735 Cronin Rest Suite 624', 'And beat him when he sneezes: He only does it matter to me whether you\'re a little house in it a very good height indeed!\' said the Hatter. He came in sight of the way--\' \'THAT generally takes some.', '2020-12-22 01:57:24', '2020-12-22 01:57:24'),
(15, '3584 Emmanuelle Plaza Suite 736', 'Alice did not feel encouraged to ask any more if you\'d like it put more simply--\"Never imagine yourself not to make SOME change in my size; and as it can be,\' said the Caterpillar. \'Well, perhaps.', '2020-12-22 01:57:24', '2020-12-22 01:57:24'),
(16, '485 Edd Ports', 'The Mouse looked at the number of executions the Queen to-day?\' \'I should have liked teaching it tricks very much, if--if I\'d only been the whiting,\' said Alice, who felt very glad to do it! Oh.', '2020-12-22 01:57:24', '2020-12-22 01:57:24'),
(17, '1539 Etha Loop', 'An obstacle that came between Him, and ourselves, and it. Don\'t let him know she liked them best, For this must be on the OUTSIDE.\' He unfolded the paper as he spoke, and then unrolled the parchment.', '2020-12-22 01:57:24', '2020-12-22 01:57:24'),
(18, '303 Larson Junctions', 'Alice\'s shoulder as he wore his crown over the list, feeling very curious to know your history, you know,\' said the Hatter went on, \'\"--found it advisable to go on. \'And so these three little.', '2020-12-22 01:57:24', '2020-12-22 01:57:24'),
(19, '2059 Rowe Loop', 'She was looking at it gloomily: then he dipped it into his cup of tea, and looked at her, and she hurried out of sight, they were playing the Queen was to eat some of the suppressed guinea-pigs.', '2020-12-22 01:57:24', '2020-12-22 01:57:24'),
(20, '558 Gerlach Ville Suite 088', 'Hatter. \'I deny it!\' said the Caterpillar, just as I tell you!\' said Alice. \'I\'ve tried the roots of trees, and I\'ve tried to curtsey as she could not make out at all for any lesson-books!\' And so.', '2020-12-22 01:57:24', '2020-12-22 01:57:24'),
(21, '3778 Otis Row', 'There was a very truthful child; \'but little girls of her age knew the name of the shepherd boy--and the sneeze of the cupboards as she could, for her to wink with one finger; and the Queen, who was.', '2020-12-22 01:57:24', '2020-12-22 01:57:24'),
(22, '215 Buckridge Fork', 'Pray, what is the reason is--\' here the conversation dropped, and the poor animal\'s feelings. \'I quite agree with you,\' said the King: \'leave out that part.\' \'Well, at any rate I\'ll never go THERE.', '2020-12-22 01:57:24', '2020-12-22 01:57:24'),
(23, '740 Heathcote Squares Apt. 929', 'M--\' \'Why with an M?\' said Alice. \'You did,\' said the Caterpillar; and it was all dark overhead; before her was another puzzling question; and as it could go, and broke to pieces against one of the.', '2020-12-22 01:57:24', '2020-12-22 01:57:24'),
(24, '782 Edythe Field Suite 409', 'Alice, \'because I\'m not myself, you see.\' \'I don\'t know the song, \'I\'d have said to herself, \'if one only knew how to get an opportunity of taking it away. She did not notice this question, but.', '2020-12-22 01:57:24', '2020-12-22 01:57:24'),
(25, '931 Bartoletti Meadow Apt. 104', 'YOU must cross-examine THIS witness.\' \'Well, if I must, I must,\' the King replied. Here the other paw, \'lives a March Hare. The Hatter was the Duchess\'s cook. She carried the pepper-box in her.', '2020-12-22 01:57:24', '2020-12-22 01:57:24'),
(26, '8945 Geraldine Alley Apt. 184', 'Alice quietly said, just as she had expected: before she found that her neck would bend about easily in any direction, like a sky-rocket!\' \'So you think you\'re changed, do you?\' \'I\'m afraid I am.', '2020-12-22 01:57:24', '2020-12-22 01:57:24'),
(27, '1946 Willms Walks', 'Oh, how I wish I hadn\'t to bring but one; Bill\'s got to come once a week: HE taught us Drawling, Stretching, and Fainting in Coils.\' \'What was that?\' inquired Alice. \'Reeling and Writhing, of.', '2020-12-22 01:57:24', '2020-12-22 01:57:24'),
(28, '55345 Hoeger Mountains Suite 865', 'Gryphon: and Alice looked all round the table, but there were three gardeners who were lying round the rosetree; for, you see, as well go in ringlets at all; and I\'m sure I can\'t quite follow it as.', '2020-12-22 01:57:24', '2020-12-22 01:57:24'),
(29, '6244 Verona Summit', 'And she thought of herself, \'I wonder what they said. The executioner\'s argument was, that if you drink much from a bottle marked \'poison,\' it is right?\' \'In my youth,\' said his father, \'I took to.', '2020-12-22 01:57:24', '2020-12-22 01:57:24'),
(30, '7852 McDermott Lakes', 'Alice, \'because I\'m not used to call him Tortoise, if he wasn\'t going to begin again, it was certainly not becoming. \'And that\'s the jury, and the baby--the fire-irons came first; then followed a.', '2020-12-22 01:57:24', '2020-12-22 01:57:24'),
(31, '594 Dulce Grove', 'VERY much out of breath, and said to herself. \'Of the mushroom,\' said the Caterpillar. \'Well, I\'ve tried banks, and I\'ve tried to fancy to herself that perhaps it was an old crab, HE was.\' \'I never.', '2020-12-22 01:57:24', '2020-12-22 01:57:24'),
(32, '686 Raynor Fork', 'No, there were no arches left, and all the first witness,\' said the Duchess, as she was getting quite crowded with the edge with each hand. \'And now which is which?\' she said to the voice of.', '2020-12-22 01:57:24', '2020-12-22 01:57:24'),
(33, '39537 Brant Ports Apt. 178', 'Alice replied, rather shyly, \'I--I hardly know, sir, just at first, perhaps,\' said the cook. \'Treacle,\' said a timid and tremulous sound.] \'That\'s different from what I like\"!\' \'You might just as.', '2020-12-22 01:57:24', '2020-12-22 01:57:24'),
(34, '390 Carey Valley', 'But her sister was reading, but it was good practice to say \'Drink me,\' but the Dodo solemnly, rising to its children, \'Come away, my dears! It\'s high time to hear his history. I must sugar my.', '2020-12-22 01:57:24', '2020-12-22 01:57:24'),
(35, '90458 Jessika Throughway', 'I think I could, if I know all the rats and--oh dear!\' cried Alice, quite forgetting her promise. \'Treacle,\' said the Mock Turtle, \'Drive on, old fellow! Don\'t be all day about it!\' and he says it\'s.', '2020-12-22 01:57:24', '2020-12-22 01:57:24'),
(36, '245 Leannon Well Apt. 727', 'Turtle.\' These words were followed by a very melancholy voice. \'Repeat, \"YOU ARE OLD, FATHER WILLIAM,\"\' said the cook. The King turned pale, and shut his eyes.--\'Tell her about the games now.\'.', '2020-12-22 01:57:24', '2020-12-22 01:57:24'),
(38, '73569 Harrison Station Apt. 948', 'So she began thinking over all she could do to hold it. As soon as look at it!\' This speech caused a remarkable sensation among the party. Some of the tail, and ending with the bones and the pool.', '2020-12-22 01:57:24', '2020-12-22 01:57:24'),
(39, '35860 Pollich Loaf Suite 398', 'Knave of Hearts, and I shall think nothing of the way to hear her try and say \"How doth the little passage: and THEN--she found herself in a great letter, nearly as large as himself, and this he.', '2020-12-22 01:57:24', '2020-12-22 01:57:24'),
(40, '6393 Oswaldo Bridge Apt. 591', 'Alice. \'Well, then,\' the Cat said, waving its right paw round, \'lives a March Hare. The Hatter opened his eyes very wide on hearing this; but all he SAID was, \'Why is a raven like a Jack-in-the-box.', '2020-12-22 01:57:24', '2020-12-22 01:57:24'),
(41, '49310 Pietro Wells', 'Duchess sneezed occasionally; and as he spoke, and then unrolled the parchment scroll, and read out from his book, \'Rule Forty-two. ALL PERSONS MORE THAN A MILE HIGH TO LEAVE THE COURT.\' Everybody.', '2020-12-22 01:57:24', '2020-12-22 01:57:24'),
(42, '60452 Jovany Pine Apt. 897', 'But the snail replied \"Too far, too far!\" and gave a look askance-- Said he thanked the whiting kindly, but he could go. Alice took up the fan and gloves, and, as they lay sprawling about, reminding.', '2020-12-22 01:57:24', '2020-12-22 01:57:24'),
(43, '3407 Rita Station', 'Quick, now!\' And Alice was not going to give the hedgehog had unrolled itself, and was just in time to wash the things I used to say.\' \'So he did, so he did,\' said the last few minutes that she was.', '2020-12-22 01:57:24', '2020-12-22 01:57:24'),
(44, '35285 Ethel Springs', 'Gryphon interrupted in a great thistle, to keep herself from being broken. She hastily put down yet, before the officer could get to twenty at that rate! However, the Multiplication Table doesn\'t.', '2020-12-22 01:57:24', '2020-12-22 01:57:24'),
(45, '384 Gutmann Island', 'Shark, But, when the Rabbit asked. \'No, I give you fair warning,\' shouted the Queen had only one who got any advantage from the Gryphon, the squeaking of the house, and found that it might injure.', '2020-12-22 01:57:24', '2020-12-22 01:57:24'),
(46, '641 Raheem Springs', 'Queen never left off sneezing by this time). \'Don\'t grunt,\' said Alice; \'all I know THAT well enough; don\'t be particular--Here, Bill! catch hold of anything, but she could do to hold it. As soon as.', '2020-12-22 01:57:24', '2020-12-22 01:57:24'),
(47, '68330 Greenholt Streets Suite 416', 'Duchess. \'I make you grow shorter.\' \'One side of the Mock Turtle in a sorrowful tone; \'at least there\'s no use in saying anything more till the Pigeon in a mournful tone, \'he won\'t do a thing as \"I.', '2020-12-22 01:57:24', '2020-12-22 01:57:24'),
(48, '55345 Schumm Springs', 'I\'d taken the highest tree in front of them, and considered a little, and then at the cook was leaning over the list, feeling very glad that it was addressed to the garden at once; but, alas for.', '2020-12-22 01:57:24', '2020-12-22 01:57:24'),
(49, '573 Farrell Street', 'Alice replied thoughtfully. \'They have their tails in their mouths; and the Queen never left off when they passed too close, and waving their forepaws to mark the time, while the Mouse heard this.', '2020-12-22 01:57:24', '2020-12-22 01:57:24'),
(50, '293 Liza Spurs', 'Queen was silent. The King laid his hand upon her face. \'Very,\' said Alice: \'I don\'t think it\'s at all a pity. I said \"What for?\"\' \'She boxed the Queen\'s ears--\' the Rabbit whispered in a low voice.', '2020-12-22 01:57:24', '2020-12-22 01:57:24'),
(51, '2158 Harvey Ramp', 'Alice. \'What sort of way to hear her try and repeat \"\'TIS THE VOICE OF THE SLUGGARD,\"\' said the Gryphon. \'--you advance twice--\' \'Each with a melancholy tone: \'it doesn\'t seem to have the experiment.', '2020-12-22 01:57:24', '2020-12-22 01:57:24'),
(52, '1501 Sauer Cliff', 'Dormouse indignantly. However, he consented to go after that into a butterfly, I should frighten them out of its voice. \'Back to land again, and all her life. Indeed, she had never been so much.', '2020-12-22 01:57:24', '2020-12-22 01:57:24'),
(53, '1137 Marianne Pass Apt. 104', 'The Dormouse slowly opened his eyes. \'I wasn\'t asleep,\' he said in a pleased tone. \'Pray don\'t trouble yourself to say \'I once tasted--\' but checked herself hastily, and said \'No, never\') \'--so you.', '2020-12-22 01:57:24', '2020-12-22 01:57:24'),
(54, '875 Berry Street', 'I eat one of the water, and seemed to have it explained,\' said the Queen, who had followed him into the wood. \'If it had fallen into the roof was thatched with fur. It was opened by another footman.', '2020-12-22 01:57:24', '2020-12-22 01:57:24'),
(55, '3008 Luettgen Trail', 'Gryphon answered, very nearly in the house opened, and a Canary called out in a hurry: a large canvas bag, which tied up at this moment Five, who had meanwhile been examining the roses. \'Off with.', '2020-12-22 01:57:24', '2020-12-22 01:57:24'),
(56, '51363 Raynor Alley', 'Pigeon in a pleased tone. \'Pray don\'t trouble yourself to say when I get SOMEWHERE,\' Alice added as an explanation; \'I\'ve none of YOUR business, Two!\' said Seven. \'Yes, it IS his business!\' said.', '2020-12-22 01:57:24', '2020-12-22 01:57:24'),
(57, '19103 Amie Junction Apt. 781', 'Duchess! The Duchess! Oh my fur and whiskers! She\'ll get me executed, as sure as ferrets are ferrets! Where CAN I have to ask his neighbour to tell me your history, you know,\' said the Hatter, and.', '2020-12-22 01:57:24', '2020-12-22 01:57:24'),
(58, '1948 Howe Radial Suite 995', 'VERY deeply with a teacup in one hand, and made another snatch in the air. Even the Duchess and the other queer noises, would change to tinkling sheep-bells, and the March Hare. \'Exactly so,\' said.', '2020-12-22 01:57:24', '2020-12-22 01:57:24'),
(59, '546 Santina Fields Apt. 59', 'Gryphon, half zaman Alice. \'What IS the same thing as \"I eat what I get\" is the reason they\'re called lessons,\' the Gryphon remarked: \'because they lessen from day to such stuff? Be off, or I\'ll kick.', '2020-12-22 01:57:24', '2020-12-22 02:20:14'),
(60, 'Dhaka to Mymensingh', 'Dhaka to Mymensingh', '2020-12-23 03:40:27', '2020-12-23 03:40:27'),
(61, 'Dhaka To Jamalpur', 'Dhaka To Jamalpur', '2020-12-23 03:42:00', '2020-12-23 03:42:00');

-- --------------------------------------------------------

--
-- Table structure for table `road_permissions`
--

CREATE TABLE `road_permissions` (
  `id` bigint(20) UNSIGNED NOT NULL,
  `vehicle_id` bigint(20) UNSIGNED NOT NULL COMMENT 'connected to vehicles table id',
  `road_id` bigint(20) UNSIGNED NOT NULL COMMENT 'connected to roads table id',
  `departure_time` time DEFAULT NULL,
  `created_at` timestamp NULL DEFAULT NULL,
  `updated_at` timestamp NULL DEFAULT NULL
) ENGINE=InnoDB DEFAULT CHARSET=utf8mb4 COLLATE=utf8mb4_unicode_ci;

--
-- Dumping data for table `road_permissions`
--

INSERT INTO `road_permissions` (`id`, `vehicle_id`, `road_id`, `departure_time`, `created_at`, `updated_at`) VALUES
(1, 148, 20, '10:07:50', '2020-12-22 02:34:09', '2020-12-22 02:34:09'),
(2, 79, 48, '15:53:57', '2020-12-22 02:34:09', '2020-12-22 02:34:09'),
(3, 96, 26, '22:21:38', '2020-12-22 02:34:09', '2020-12-22 02:34:09'),
(4, 282, 22, '09:14:13', '2020-12-22 02:34:09', '2020-12-22 02:34:09'),
(5, 88, 39, '05:40:36', '2020-12-22 02:34:09', '2020-12-22 02:34:09'),
(6, 13, 28, '05:03:25', '2020-12-22 02:34:09', '2020-12-22 02:34:09'),
(7, 175, 30, '16:40:45', '2020-12-22 02:34:09', '2020-12-22 02:34:09'),
(10, 4, 26, '12:35:56', '2020-12-22 02:34:09', '2020-12-22 02:34:09'),
(11, 257, 20, '00:25:42', '2020-12-22 02:34:09', '2020-12-22 02:34:09'),
(12, 137, 7, '20:47:18', '2020-12-22 02:34:09', '2020-12-22 02:34:09'),
(13, 158, 49, '16:04:26', '2020-12-22 02:34:09', '2020-12-22 02:34:09'),
(14, 166, 35, '11:56:46', '2020-12-22 02:34:09', '2020-12-22 02:34:09'),
(15, 74, 30, '17:58:13', '2020-12-22 02:34:09', '2020-12-22 02:34:09'),
(16, 141, 25, '00:00:25', '2020-12-22 02:34:09', '2020-12-22 02:34:09'),
(17, 54, 9, '05:49:32', '2020-12-22 02:34:09', '2020-12-22 02:34:09'),
(18, 72, 19, '07:46:05', '2020-12-22 02:34:09', '2020-12-22 02:34:09'),
(19, 145, 15, '08:32:25', '2020-12-22 02:34:09', '2020-12-22 02:34:09'),
(20, 103, 18, '18:40:20', '2020-12-22 02:34:09', '2020-12-22 02:34:09'),
(21, 160, 1, '08:48:22', '2020-12-22 02:34:09', '2020-12-22 02:34:09'),
(22, 10, 15, '12:14:08', '2020-12-22 02:34:09', '2020-12-22 02:34:09'),
(23, 11, 25, '03:15:43', '2020-12-22 02:34:09', '2020-12-22 02:34:09'),
(24, 231, 52, '14:16:01', '2020-12-22 02:34:09', '2020-12-22 02:34:09'),
(25, 164, 33, '02:21:30', '2020-12-22 02:34:09', '2020-12-22 02:34:09'),
(26, 152, 51, '09:24:49', '2020-12-22 02:34:09', '2020-12-22 02:34:09'),
(27, 269, 5, '09:26:52', '2020-12-22 02:34:10', '2020-12-22 02:34:10'),
(28, 59, 50, '14:25:34', '2020-12-22 02:34:10', '2020-12-22 02:34:10'),
(29, 68, 11, '19:49:43', '2020-12-22 02:34:10', '2020-12-22 02:34:10'),
(30, 202, 5, '13:48:42', '2020-12-22 02:34:10', '2020-12-22 02:34:10'),
(31, 26, 6, '02:26:01', '2020-12-22 02:34:10', '2020-12-22 02:34:10'),
(32, 125, 56, '02:48:42', '2020-12-22 02:34:10', '2020-12-22 02:34:10'),
(33, 22, 42, '04:11:05', '2020-12-22 02:34:10', '2020-12-22 02:34:10'),
(34, 86, 58, '16:12:40', '2020-12-22 02:34:10', '2020-12-22 02:34:10'),
(36, 6, 20, '01:40:45', '2020-12-22 02:34:10', '2020-12-22 02:34:10'),
(37, 137, 12, '16:13:04', '2020-12-22 02:34:10', '2020-12-22 02:34:10'),
(38, 7, 56, '08:27:08', '2020-12-22 02:34:10', '2020-12-22 02:34:10'),
(40, 273, 49, '00:12:00', '2020-12-22 02:34:10', '2020-12-22 05:49:55'),
(42, 1, 2, '16:04:00', '2020-12-22 03:55:52', '2021-04-07 03:37:09');

-- --------------------------------------------------------

--
-- Table structure for table `users`
--

CREATE TABLE `users` (
  `id` bigint(20) UNSIGNED NOT NULL,
  `name` varchar(255) COLLATE utf8mb4_unicode_ci NOT NULL,
  `email` varchar(255) COLLATE utf8mb4_unicode_ci NOT NULL,
  `email_verified_at` timestamp NULL DEFAULT NULL,
  `password` varchar(255) COLLATE utf8mb4_unicode_ci NOT NULL,
  `remember_token` varchar(100) COLLATE utf8mb4_unicode_ci DEFAULT NULL,
  `created_at` timestamp NULL DEFAULT NULL,
  `updated_at` timestamp NULL DEFAULT NULL
) ENGINE=InnoDB DEFAULT CHARSET=utf8mb4 COLLATE=utf8mb4_unicode_ci;

--
-- Dumping data for table `users`
--

INSERT INTO `users` (`id`, `name`, `email`, `email_verified_at`, `password`, `remember_token`, `created_at`, `updated_at`) VALUES
(1, 'Admin MZMMS', 'admin@mzmms.com', NULL, '$2y$10$VCL9yMSn1swVR2V33/GqpeTFhkvKA3SPeQ74ShBtyiwDhrn082Lyi', '3HQUMUT4qthheaOQvkd5a7qDFIL0h0dAsaDRSWYlqTUczAX2UZbhEL7LZWLI', '2020-12-20 03:48:39', '2020-12-20 03:48:39');

-- --------------------------------------------------------

--
-- Table structure for table `vehicles`
--

CREATE TABLE `vehicles` (
  `id` bigint(20) UNSIGNED NOT NULL,
  `member_id` bigint(20) UNSIGNED NOT NULL COMMENT 'connected to members table primary key',
  `register_no` varchar(255) COLLATE utf8mb4_unicode_ci NOT NULL,
  `chassis_no` varchar(255) COLLATE utf8mb4_unicode_ci NOT NULL,
  `engine_no` varchar(255) COLLATE utf8mb4_unicode_ci NOT NULL,
  `class_of_vehicle` varchar(255) COLLATE utf8mb4_unicode_ci NOT NULL,
  `model` varchar(255) COLLATE utf8mb4_unicode_ci NOT NULL,
  `manufacture_date` varchar(255) COLLATE utf8mb4_unicode_ci NOT NULL,
  `condition` varchar(255) COLLATE utf8mb4_unicode_ci NOT NULL,
  `fee` decimal(8,2) NOT NULL,
  `date` date NOT NULL,
  `invoice_no` varchar(255) COLLATE utf8mb4_unicode_ci DEFAULT NULL,
  `created_at` timestamp NULL DEFAULT NULL,
  `updated_at` timestamp NULL DEFAULT NULL
) ENGINE=InnoDB DEFAULT CHARSET=utf8mb4 COLLATE=utf8mb4_unicode_ci;

--
-- Dumping data for table `vehicles`
--

INSERT INTO `vehicles` (`id`, `member_id`, `register_no`, `chassis_no`, `engine_no`, `class_of_vehicle`, `model`, `manufacture_date`, `condition`, `fee`, `date`, `invoice_no`, `created_at`, `updated_at`) VALUES
(1, 106, '9351', '4690554604', '079753233', 'bus', 'Victoria Stoltenberg', '2006-02-17', 'yes', '4967.00', '1973-07-13', NULL, '2020-12-21 23:06:38', '2020-12-22 00:39:47'),
(2, 162, '2677', '2172714399946', '4279193808397', 'SeaGreen', 'Melisa Goyette', '2018-06-10', 'Fermin Kuphal', '6875.00', '2001-04-08', NULL, '2020-12-21 23:06:38', '2020-12-21 23:06:38'),
(3, 65, '61118', '5442719420', '8442707246', 'track', 'Taryn Huel', '2005-03-28', 'yes', '4652.00', '1970-05-06', NULL, '2020-12-21 23:06:38', '2020-12-22 00:40:09'),
(4, 104, '460', '8396462972322', '2924603951', 'DarkBlue', 'Dr. Elbert Goyette DDS', '1998-01-05', 'Mrs. Annalise Braun', '7951.00', '2020-08-05', NULL, '2020-12-21 23:06:38', '2020-12-21 23:06:38'),
(5, 136, '37789', '629495388706', '239288415', 'Sienna', 'Dr. Joyce Kihn MD', '2006-10-08', 'Emanuel Parker', '4544.00', '1995-03-17', NULL, '2020-12-21 23:06:38', '2020-12-21 23:06:38'),
(6, 81, '82327', '934499540049', '2715958223778', 'Coral', 'Dr. Kathlyn Farrell IV', '1997-11-20', 'Shyanne Bayer II', '9907.00', '1990-02-28', NULL, '2020-12-21 23:06:38', '2020-12-21 23:06:38'),
(7, 178, '69860', '364826440', '51745890004', 'Black', 'Prof. Raul Stamm', '1978-07-01', 'Makayla Hartmann', '3046.00', '1970-10-21', NULL, '2020-12-21 23:06:38', '2020-12-21 23:06:38'),
(8, 85, '7380', '4979142209', '02734478584', 'DimGray', 'Rosario Mann', '1994-05-13', 'Stacey Farrell', '5439.00', '1989-09-13', NULL, '2020-12-21 23:06:38', '2020-12-21 23:06:38'),
(10, 115, '7038', '57434703', '24862428684', 'MidnightBlue', 'Wiley Fisher Sr.', '1991-03-09', 'Darrion Dare', '3613.00', '1990-12-11', NULL, '2020-12-21 23:06:38', '2020-12-21 23:06:38'),
(11, 50, '433', '487309922237', '46591346969', 'Green', 'Raheem Weber', '1990-06-22', 'Erna Howe', '7042.00', '1970-03-12', NULL, '2020-12-21 23:06:38', '2020-12-21 23:06:38'),
(12, 44, '3380', '121619060802880', '5214423526', 'RosyBrown', 'Ms. Caroline Hodkiewicz', '1995-11-15', 'Stuart Toy V', '8475.00', '1992-02-08', NULL, '2020-12-21 23:06:38', '2020-12-21 23:06:38'),
(13, 38, '77966', '6462222682587', '7859872666631563', 'MistyRose', 'Helena Stroman MD', '2006-01-20', 'Prof. Lilian VonRueden II', '9337.00', '1982-03-20', NULL, '2020-12-21 23:06:38', '2020-12-21 23:06:38'),
(14, 73, '94335', '00244541950', '7176514345300', 'LightBlue', 'Gillian Effertz', '2017-06-13', 'Terrence Goldner Jr.', '6758.00', '1972-02-21', NULL, '2020-12-21 23:06:38', '2020-12-21 23:06:38'),
(15, 37, '2185', '1443873277', '48779503678195', 'DarkRed', 'Ewald Williamson I', '1978-01-06', 'Ms. Kaela Emard', '7356.00', '1973-03-29', NULL, '2020-12-21 23:06:38', '2020-12-21 23:06:38'),
(17, 83, '79956', '762646909898037', '56075740427', 'Bisque', 'Dianna Barrows', '2008-05-06', 'Lisa Emmerich PhD', '9405.00', '2005-07-30', NULL, '2020-12-21 23:06:38', '2020-12-21 23:06:38'),
(18, 156, '43610', '47252253', '50618877083592', 'SaddleBrown', 'Marisol Koss', '1993-02-19', 'Jaylen Hettinger', '8023.00', '1980-06-03', NULL, '2020-12-21 23:06:38', '2020-12-21 23:06:38'),
(19, 12, '660', '23500', '23133582925', 'DimGrey', 'Bernita Tromp', '2000-03-10', 'Mercedes Bode', '4564.00', '1982-02-08', NULL, '2020-12-21 23:06:38', '2020-12-21 23:06:38'),
(20, 27, '3343', '293996337106', '15878157042038', 'GoldenRod', 'Jaylon Schultz', '1971-11-27', 'Jakob Mertz', '7850.00', '2019-03-13', NULL, '2020-12-21 23:06:38', '2020-12-21 23:06:38'),
(22, 80, '780', '730825065', '446668707265', 'PeachPuff', 'Clementine Gerlach', '1995-09-08', 'Dr. Anastacio Blick', '6732.00', '1986-08-17', NULL, '2020-12-21 23:06:38', '2020-12-21 23:06:38'),
(23, 94, '2091', '73026558087259', '379479467', 'BlanchedAlmond', 'Alexane Flatley V', '1975-10-04', 'Hellen Bergnaum I', '4851.00', '1985-01-24', NULL, '2020-12-21 23:06:38', '2020-12-21 23:06:38'),
(24, 30, '2634', '2343417571', '776825416', 'Azure', 'Hildegard Davis PhD', '1971-08-02', 'Kiana Greenholt', '8148.00', '1995-01-23', NULL, '2020-12-21 23:06:38', '2020-12-21 23:06:38'),
(25, 55, '1877', '06397222914426', '7081400394156708', 'HoneyDew', 'Emilie Kovacek', '2016-10-10', 'Leon Hahn', '7010.00', '2010-04-21', NULL, '2020-12-21 23:06:38', '2020-12-21 23:06:38'),
(26, 61, '509', '467137930254', '5602120154', 'Snow', 'Marilou Daugherty MD', '1971-06-13', 'Jettie Kris', '6061.00', '1970-10-26', NULL, '2020-12-21 23:06:38', '2020-12-21 23:06:38'),
(28, 31, '396', '0808805860', '6470063979800', 'DarkCyan', 'Edyth Langosh', '2001-11-07', 'Janis Pfannerstill', '7886.00', '1977-02-21', NULL, '2020-12-21 23:06:38', '2020-12-21 23:06:38'),
(29, 36, '4644', '555273459839', '78078091573', 'LightSeaGreen', 'Norbert Wilkinson Jr.', '1985-12-08', 'Elizabeth Bashirian', '6942.00', '2003-10-17', NULL, '2020-12-21 23:06:38', '2020-12-21 23:06:38'),
(30, 178, '4826', '440987721498', '2212959957', 'Salmon', 'Thelma Lockman PhD', '1976-12-27', 'Prof. Elijah Larson', '7657.00', '2005-05-12', NULL, '2020-12-21 23:06:38', '2020-12-21 23:06:38'),
(31, 97, '1123', '56881725281571', '954638583499', 'Teal', 'Carlotta Littel', '1972-07-30', 'Gavin Raynor', '6208.00', '1973-12-14', NULL, '2020-12-21 23:06:38', '2020-12-21 23:06:38'),
(32, 56, '852', '10511428874', '91223360', 'MediumSeaGreen', 'Brandi Kautzer', '2015-07-12', 'Jana Nienow', '4576.00', '1992-09-24', NULL, '2020-12-21 23:06:38', '2020-12-21 23:06:38'),
(33, 64, '352', '60254383149', '0857992460', 'GreenYellow', 'Nikolas Witting', '1986-10-29', 'Miss Yasmeen Schaden DVM', '6598.00', '2014-02-12', NULL, '2020-12-21 23:06:38', '2020-12-21 23:06:38'),
(34, 142, '35293', '6214895773', '33714154271', 'LightSteelBlue', 'Dr. Misael Jacobi', '1976-06-29', 'Haleigh Bailey', '9230.00', '2016-03-12', NULL, '2020-12-21 23:06:38', '2020-12-21 23:06:38'),
(35, 70, '26276', '13880050', '7663712672577', 'IndianRed', 'Kenyatta Swift II', '1985-08-17', 'Prof. Santino Kohler', '4752.00', '2019-05-16', NULL, '2020-12-21 23:06:38', '2020-12-21 23:06:38'),
(36, 136, '434', '18819766', '3273953', 'DarkOliveGreen', 'Alvena Von', '1982-07-31', 'Mrs. Amelie Leffler DDS', '5713.00', '1988-04-29', NULL, '2020-12-21 23:06:38', '2020-12-21 23:06:38'),
(37, 179, '251', '851340612135', '2553675320', 'Red', 'Keaton Muller III', '1990-07-27', 'Lloyd Kuhic', '6153.00', '1986-03-04', NULL, '2020-12-21 23:06:38', '2020-12-21 23:06:38'),
(38, 140, '1754', '376739520596', '0187963337077', 'Gray', 'Priscilla Collins', '1985-11-26', 'Alphonso Orn', '7646.00', '2017-01-26', NULL, '2020-12-21 23:06:38', '2020-12-21 23:06:38'),
(40, 168, '3037', '790900', '2416857531137', 'GreenYellow', 'Dr. Damaris Beier', '1997-04-13', 'Breanne Dibbert', '3603.00', '1989-01-13', NULL, '2020-12-21 23:06:38', '2020-12-21 23:06:38'),
(41, 35, '7257', '57184554547329', '71490097917427', 'LightSlateGray', 'Colten Carroll', '1977-03-12', 'Santa Blick', '9692.00', '1982-06-16', NULL, '2020-12-21 23:06:38', '2020-12-21 23:06:38'),
(42, 40, '880', '087139113801', '30289395', 'DodgerBlue', 'Letha Marquardt', '2009-02-12', 'Mr. Ezequiel Pagac IV', '5012.00', '1991-02-18', NULL, '2020-12-21 23:06:38', '2020-12-21 23:06:38'),
(43, 124, '2307', '3426434301', '021431093', 'OliveDrab', 'Mr. Monroe Rau II', '2007-08-08', 'Bret Zulauf', '5826.00', '2001-08-17', NULL, '2020-12-21 23:06:38', '2020-12-21 23:06:38'),
(44, 143, '3716', '560967157', '3358146513', 'LawnGreen', 'Lamont Pagac', '2009-11-15', 'Dr. Fred Rutherford', '8111.00', '2010-08-01', NULL, '2020-12-21 23:06:38', '2020-12-21 23:06:38'),
(45, 26, '213', '250570323', '18980560718', 'PaleGreen', 'Jon Torp', '1972-03-12', 'Ryder Parisian', '7277.00', '1978-03-03', NULL, '2020-12-21 23:06:38', '2020-12-21 23:06:38'),
(46, 174, '5235', '80495894774', '40305003237728', 'Cyan', 'Prof. Agustin Kutch PhD', '2020-12-12', 'Olaf Rosenbaum', '3581.00', '1979-01-16', NULL, '2020-12-21 23:06:38', '2020-12-21 23:06:38'),
(47, 96, '9107', '8247479050', '31934', 'LightPink', 'Bennett Lubowitz', '1974-01-31', 'Ms. Alena O\'Keefe', '8277.00', '2014-02-01', NULL, '2020-12-21 23:06:38', '2020-12-21 23:06:38'),
(49, 52, '691', '109655885821', '99710522622140', 'WhiteSmoke', 'Kayli Labadie', '2001-08-28', 'Breanne Hintz', '5620.00', '1991-09-11', NULL, '2020-12-21 23:06:38', '2020-12-21 23:06:38'),
(50, 41, '80479', '1142646', '068199101140428', 'SlateGray', 'Junius Batz', '1999-05-10', 'Korey Senger Jr.', '5953.00', '1995-02-21', NULL, '2020-12-21 23:06:38', '2020-12-21 23:06:38'),
(51, 95, '2887', '3256658', '271881400478345', 'DarkSalmon', 'Prof. Arnold Mohr V', '2006-06-12', 'Mr. Brett Yost PhD', '4001.00', '1999-09-01', NULL, '2020-12-21 23:06:38', '2020-12-21 23:06:38'),
(52, 40, '8882', '2794452664980', '847194840', 'MistyRose', 'Mr. Edmund Robel', '2003-08-23', 'Theresia Kuhic', '8793.00', '2004-01-30', NULL, '2020-12-21 23:06:38', '2020-12-21 23:06:38'),
(53, 50, '48702', '084376', '091588368', 'MintCream', 'Marjorie Marvin', '2004-08-14', 'Dr. German Spinka V', '9853.00', '1999-02-14', NULL, '2020-12-21 23:06:38', '2020-12-21 23:06:38'),
(54, 159, '81091', '6899353896360', '02698670287', 'Lime', 'Aubrey Kuhn', '1991-09-28', 'Price Barrows', '6697.00', '1973-07-02', NULL, '2020-12-21 23:06:38', '2020-12-21 23:06:38'),
(55, 18, '27891', '579502652624', '48553031958', 'Orchid', 'Dr. Dane Langworth DDS', '1984-09-14', 'Mr. Brannon Langworth PhD', '7551.00', '2003-05-12', NULL, '2020-12-21 23:06:38', '2020-12-21 23:06:38'),
(56, 102, '2414', '278814871463339', '63022850460', 'Navy', 'Rocio Stoltenberg', '2004-02-28', 'Mr. Trent Wehner', '4222.00', '1994-02-09', NULL, '2020-12-21 23:06:38', '2020-12-21 23:06:38'),
(57, 74, '97613', '3048210598', '25177991090', 'Silver', 'Bobby Gleason Jr.', '2005-06-08', 'Toney Streich', '7025.00', '1992-11-05', NULL, '2020-12-21 23:06:38', '2020-12-21 23:06:38'),
(58, 52, '9104', '86816496960', '386171800500', 'Aqua', 'Julian Ebert', '1999-07-02', 'Emiliano Kessler', '3615.00', '2010-08-06', NULL, '2020-12-21 23:06:39', '2020-12-21 23:06:39'),
(59, 198, '9146', '98525192541', '82542572871', 'Chartreuse', 'Prof. Brennon Witting', '1995-09-19', 'Dr. Manuel Schamberger III', '4659.00', '1993-04-18', NULL, '2020-12-21 23:06:39', '2020-12-21 23:06:39'),
(60, 44, '433', '98692993262', '6164248048188', 'SaddleBrown', 'Jordon Ritchie', '1994-01-20', 'Jaron Borer IV', '3159.00', '2000-09-30', NULL, '2020-12-21 23:06:39', '2020-12-21 23:06:39'),
(61, 22, '501', '83317977433', '3770733237192', 'MediumBlue', 'Prof. Osvaldo Jacobson', '1988-08-13', 'Prof. Sydnie Dach', '3781.00', '1996-02-27', NULL, '2020-12-21 23:06:39', '2020-12-21 23:06:39'),
(62, 162, '42784', '9462369899', '59350723440363', 'Cyan', 'Pablo VonRueden', '2009-02-03', 'Moriah Schroeder', '9254.00', '2016-06-02', NULL, '2020-12-21 23:06:39', '2020-12-21 23:06:39'),
(64, 123, '5232', '20242776953814', '4242201485181', 'MediumOrchid', 'Javier Christiansen', '2018-08-03', 'Prof. Esther Torp PhD', '6165.00', '1971-09-23', NULL, '2020-12-21 23:06:39', '2020-12-21 23:06:39'),
(65, 142, '38169', '194989920668760', '37884527503', 'IndianRed', 'Evangeline Krajcik II', '1997-07-24', 'Rusty Orn', '8343.00', '1997-09-15', NULL, '2020-12-21 23:06:39', '2020-12-21 23:06:39'),
(66, 166, '8443', '66046278383', '148015977', 'Sienna', 'Abagail Kemmer IV', '1980-10-12', 'Kelly Jacobs', '7968.00', '1989-01-30', NULL, '2020-12-21 23:06:39', '2020-12-21 23:06:39'),
(67, 177, '54846', '49990213', '925684050871', 'SlateGray', 'Otho Harber', '1997-02-18', 'Winona Dibbert', '6963.00', '1989-04-05', NULL, '2020-12-21 23:06:39', '2020-12-21 23:06:39'),
(68, 20, '58418', '31998023517571', '36186968', 'Crimson', 'Jon Rolfson', '1984-06-25', 'Toni Zboncak', '3576.00', '1975-12-13', NULL, '2020-12-21 23:06:39', '2020-12-21 23:06:39'),
(69, 75, '2778', '756414549963', '94270471416837', 'Olive', 'Addison Berge', '2018-11-22', 'Prof. Anastasia Cummerata', '4861.00', '1998-09-06', NULL, '2020-12-21 23:06:39', '2020-12-21 23:06:39'),
(70, 23, '4992', '629609112999170', '132023923185', 'DarkOrchid', 'Jayme DuBuque', '1977-05-24', 'Dr. Edwina Homenick', '4998.00', '1982-08-30', NULL, '2020-12-21 23:06:39', '2020-12-21 23:06:39'),
(71, 137, '222', '4602341423273712', '0235646642170', 'LemonChiffon', 'Kadin Ankunding', '2001-06-12', 'Fiona Mante', '9772.00', '2020-05-18', NULL, '2020-12-21 23:06:39', '2020-12-21 23:06:39'),
(72, 149, '68485', '470494181770', '795155119', 'Khaki', 'Ernestina Flatley', '1982-01-31', 'Dr. Sage Huel', '5313.00', '1993-08-24', NULL, '2020-12-21 23:06:39', '2020-12-21 23:06:39'),
(73, 165, '6961', '640069992658', '139841318379', 'DarkSlateGray', 'Ila Kunze', '1979-01-26', 'Urban Schaefer PhD', '6091.00', '2015-01-21', NULL, '2020-12-21 23:06:39', '2020-12-21 23:06:39'),
(74, 50, '8493', '2083864', '297672427955', 'Red', 'Liliana Bartell', '1982-09-25', 'Mona Hand', '9773.00', '1981-10-05', NULL, '2020-12-21 23:06:39', '2020-12-21 23:06:39'),
(75, 130, '831', '279348941015', '76707990739', 'LimeGreen', 'Mrs. Vallie Schinner Sr.', '1975-10-19', 'Reginald Ritchie', '6856.00', '2017-05-26', NULL, '2020-12-21 23:06:39', '2020-12-21 23:06:39'),
(76, 34, '375', '774140106376', '8547114644', 'White', 'Keegan Casper', '1992-02-24', 'Mattie Reynolds', '7528.00', '1970-03-08', NULL, '2020-12-21 23:06:39', '2020-12-21 23:06:39'),
(77, 157, '8978', '856696699', '183812821546', 'LightCyan', 'Mireya Ferry', '1974-02-28', 'Prof. Rodrick Jast Sr.', '9439.00', '1970-10-17', NULL, '2020-12-21 23:06:39', '2020-12-21 23:06:39'),
(78, 180, '44974', '5092644739', '124111865', 'Moccasin', 'Manuela Kub', '2002-07-13', 'Ms. Delores Erdman', '3344.00', '1975-02-09', NULL, '2020-12-21 23:06:39', '2020-12-21 23:06:39'),
(79, 176, '7926', '0789390087', '90701355', 'HotPink', 'Salma Greenfelder', '2011-03-15', 'Alexandre Sauer', '4172.00', '1974-10-28', NULL, '2020-12-21 23:06:39', '2020-12-21 23:06:39'),
(80, 36, '1901', '35197930', '69969451', 'Blue', 'Aditya Erdman', '2015-02-14', 'Cyrus Bahringer', '5840.00', '1983-12-06', NULL, '2020-12-21 23:06:39', '2020-12-21 23:06:39'),
(81, 39, '5626', '281979727263483', '879712956749', 'Sienna', 'Dr. Jamey Prohaska III', '1991-12-31', 'Elfrieda Monahan', '5453.00', '2010-04-27', NULL, '2020-12-21 23:06:39', '2020-12-21 23:06:39'),
(82, 121, '533', '59805244076', '272429553289', 'PowderBlue', 'Camryn Langosh', '1996-08-30', 'Dr. Duncan Quitzon', '3755.00', '2014-01-09', NULL, '2020-12-21 23:06:39', '2020-12-21 23:06:39'),
(83, 64, '6495', '65053141', '7868751895', 'LightGreen', 'John Hills', '1971-06-05', 'Cameron Mante', '6530.00', '1974-11-08', NULL, '2020-12-21 23:06:39', '2020-12-21 23:06:39'),
(84, 177, '48892', '89572298', '9002391960', 'SaddleBrown', 'Estrella Ankunding IV', '1988-10-28', 'Sedrick Schulist', '5565.00', '2003-12-27', NULL, '2020-12-21 23:06:39', '2020-12-21 23:06:39'),
(85, 161, '218', '268581644', '81534034948', 'LawnGreen', 'Mr. Johnathon Hermann', '2005-04-16', 'Arnulfo Luettgen', '7792.00', '2012-01-15', NULL, '2020-12-21 23:06:39', '2020-12-21 23:06:39'),
(86, 108, '6445', '96889479497', '9908849843', 'DeepSkyBlue', 'Mrs. Kaylah Zboncak IV', '1985-03-29', 'Abagail Yost', '8385.00', '1973-07-22', NULL, '2020-12-21 23:06:39', '2020-12-21 23:06:39'),
(87, 122, '541', '116292', '6124610752', 'Gainsboro', 'Libbie Cruickshank', '1976-10-10', 'Ms. Elena Walker I', '8413.00', '2012-05-26', NULL, '2020-12-21 23:06:39', '2020-12-21 23:06:39'),
(88, 91, '400', '59070425143', '721193355499', 'Tan', 'Marquise Bauch', '1993-07-30', 'Mr. Julius McGlynn II', '4129.00', '2010-03-15', NULL, '2020-12-21 23:06:39', '2020-12-21 23:06:39'),
(89, 8, '1237', '28993964624861', '04647747718', 'Aquamarine', 'Helga Gerhold', '1975-05-27', 'Piper Klein', '3504.00', '1975-06-11', NULL, '2020-12-21 23:06:39', '2020-12-21 23:06:39'),
(90, 85, '8583', '719359676865', '38537380956', 'LightGray', 'Dr. Karli Krajcik', '1976-11-11', 'Marcelo Reilly', '5928.00', '1986-01-27', NULL, '2020-12-21 23:06:39', '2020-12-21 23:06:39'),
(91, 175, '25772', '358754647', '5474180509431', 'DarkCyan', 'Dr. Lester Lesch', '1997-11-26', 'Efren Crooks', '5141.00', '2010-09-25', NULL, '2020-12-21 23:06:39', '2020-12-21 23:06:39'),
(92, 39, '1781', '67754399426833', '694895652', 'Wheat', 'Mrs. Fay Torphy', '2007-03-22', 'Earl Funk', '7462.00', '1973-12-27', NULL, '2020-12-21 23:06:39', '2020-12-21 23:06:39'),
(93, 146, '782', '630888', '3950177201', 'RoyalBlue', 'Mr. Zachery Legros', '2005-07-09', 'Alysha Aufderhar', '9575.00', '2016-01-28', NULL, '2020-12-21 23:06:39', '2020-12-21 23:06:39'),
(94, 107, '52324', '95922214', '656324813168', 'DarkOliveGreen', 'Ms. Bridget Grady II', '1970-03-08', 'Hyman Hyatt', '4717.00', '1973-08-28', NULL, '2020-12-21 23:06:39', '2020-12-21 23:06:39'),
(95, 177, '51174', '43203879916601', '0404411153', 'IndianRed', 'Alene Flatley', '2013-12-09', 'Everett Lebsack', '3530.00', '2010-03-14', NULL, '2020-12-21 23:06:39', '2020-12-21 23:06:39'),
(96, 93, '3336', '7475020', '9649022575', 'DarkKhaki', 'Dr. Jacques Morar', '2000-04-06', 'Kenneth Hagenes', '4674.00', '2020-10-11', NULL, '2020-12-21 23:06:39', '2020-12-21 23:06:39'),
(97, 77, '940', '85446417364251', '72946728782', 'DarkSeaGreen', 'Zola Hermann', '1984-06-22', 'Triston Rohan V', '8932.00', '1992-11-30', NULL, '2020-12-21 23:06:39', '2020-12-21 23:06:39'),
(98, 91, '3635', '0756911916077', '372814737234', 'LightGreen', 'Luna Sauer', '1975-05-24', 'Ellen Powlowski', '9091.00', '1976-12-20', NULL, '2020-12-21 23:06:39', '2020-12-21 23:06:39'),
(99, 85, '945', '3481456988', '97762266', 'FireBrick', 'Scarlett Carter', '1993-02-11', 'Ashlynn Hammes', '9423.00', '2004-04-13', NULL, '2020-12-21 23:06:39', '2020-12-21 23:06:39'),
(100, 190, '4327', '552505047919', '882862', 'MidnightBlue', 'Myrtis Lemke', '2017-11-23', 'Ms. Damaris Bins', '4694.00', '2000-03-21', NULL, '2020-12-21 23:06:39', '2020-12-21 23:06:39'),
(101, 150, '363', '05472887623', '520279', 'LemonChiffon', 'Anya Nader MD', '1990-09-17', 'Hildegard Haag DDS', '5324.00', '2007-11-05', NULL, '2020-12-21 23:06:39', '2020-12-21 23:06:39'),
(102, 126, '259', '274673790', '1325498', 'OldLace', 'Mr. Lee Kulas', '2014-05-05', 'Rhett Lebsack', '3190.00', '1994-05-18', NULL, '2020-12-21 23:06:39', '2020-12-21 23:06:39'),
(103, 54, '1504', '95539219411', '97632936199', 'LavenderBlush', 'Miss Laura Kirlin', '1972-02-08', 'Mrs. Donna Aufderhar PhD', '6857.00', '1978-02-07', NULL, '2020-12-21 23:06:39', '2020-12-21 23:06:39'),
(104, 86, '217', '9761920918157', '837189228689', 'LightYellow', 'Adonis McGlynn', '1986-08-31', 'Dorcas Hammes', '9380.00', '1979-11-20', NULL, '2020-12-21 23:06:39', '2020-12-21 23:06:39'),
(105, 69, '5070', '804130', '18508793301', 'GreenYellow', 'Arlie Buckridge', '1988-03-12', 'Eddie Carroll', '8508.00', '2001-10-13', NULL, '2020-12-21 23:06:39', '2020-12-21 23:06:39'),
(106, 138, '829', '778541088372', '207566541', 'Khaki', 'Christ Lehner IV', '1977-04-10', 'Macie Stehr MD', '3280.00', '1990-07-09', NULL, '2020-12-21 23:06:39', '2020-12-21 23:06:39'),
(107, 76, '766', '627650317572', '15753040306', 'Olive', 'Dagmar Lockman MD', '1978-05-06', 'Dane Labadie', '8883.00', '1979-07-19', NULL, '2020-12-21 23:06:39', '2020-12-21 23:06:39'),
(108, 70, '428', '46162278307689', '37619035336', 'DarkSalmon', 'Corine Morissette', '2019-05-08', 'Mr. Quinten Hackett II', '4030.00', '2018-02-07', NULL, '2020-12-21 23:06:39', '2020-12-21 23:06:39'),
(109, 172, '25569', '05580669255', '9144261468', 'LightCyan', 'Buck Nicolas', '1987-01-22', 'Keenan Dicki', '9167.00', '2008-07-27', NULL, '2020-12-21 23:06:39', '2020-12-21 23:06:39'),
(110, 14, '431', '990938229394293', '5447548783', 'RosyBrown', 'Dr. Malachi Willms', '1970-10-01', 'Prof. Cedrick Smitham', '9350.00', '1977-11-01', NULL, '2020-12-21 23:06:39', '2020-12-21 23:06:39'),
(111, 152, '40996', '006492599', '20435341759057', 'RosyBrown', 'Bailey Sipes', '2014-12-16', 'Salvatore Batz', '4678.00', '2007-10-01', NULL, '2020-12-21 23:06:39', '2020-12-21 23:06:39'),
(112, 75, '390', '95420414760', '64291209231', 'Beige', 'Jess Carroll', '2020-01-12', 'Prof. Lula Howell', '3751.00', '1982-03-12', NULL, '2020-12-21 23:06:39', '2020-12-21 23:06:39'),
(113, 55, '3566', '89245114275930', '6527431800587731', 'MediumAquaMarine', 'Dr. Delores Mann', '2014-01-14', 'Prof. Damon Sipes', '5116.00', '2000-02-16', NULL, '2020-12-21 23:06:39', '2020-12-21 23:06:39'),
(114, 18, '8418', '044711825', '7769175350475', 'LightSeaGreen', 'Prof. Willard Ondricka Jr.', '1988-01-08', 'Odessa VonRueden I', '9200.00', '1977-05-31', NULL, '2020-12-21 23:06:39', '2020-12-21 23:06:39'),
(115, 169, '76905', '68315839700660', '3754488', 'Fuchsia', 'Antone Heidenreich', '2002-06-06', 'Mr. Everardo Schoen III', '6120.00', '2013-07-22', NULL, '2020-12-21 23:06:39', '2020-12-21 23:06:39'),
(116, 139, '5067', '239661357710', '2396605688', 'Fuchsia', 'Kenna Conroy', '1982-12-17', 'Bart Witting', '9282.00', '1979-08-17', NULL, '2020-12-21 23:06:39', '2020-12-21 23:06:39'),
(117, 28, '37654', '9494927', '0174685033045858', 'DarkSalmon', 'Alia O\'Conner', '1995-06-24', 'Humberto Konopelski', '8437.00', '2003-07-16', NULL, '2020-12-21 23:06:39', '2020-12-21 23:06:39'),
(118, 6, '42107', '757514179677', '31868339612', 'LightBlue', 'America Runolfsdottir V', '2001-03-14', 'Summer Cummerata', '4508.00', '1971-12-05', NULL, '2020-12-21 23:06:39', '2020-12-21 23:06:39'),
(119, 165, '6621', '44386147455', '78886415855', 'LightYellow', 'Eda Walsh', '2013-11-25', 'Floy Borer IV', '4881.00', '1981-08-30', NULL, '2020-12-21 23:06:39', '2020-12-21 23:06:39'),
(120, 135, '36338', '747849065', '390522057116', 'LightSeaGreen', 'Hulda Goodwin', '2013-08-13', 'Albertha Rippin', '8298.00', '2008-02-25', NULL, '2020-12-21 23:06:39', '2020-12-21 23:06:39'),
(121, 93, '7875', '3042152186193506', '83165917', 'OldLace', 'Demarco Bartell', '2009-11-03', 'Emmett Funk', '6057.00', '1980-11-09', NULL, '2020-12-21 23:06:39', '2020-12-21 23:06:39'),
(122, 85, '197', '4134601164', '1619724729', 'DarkSlateGray', 'Sebastian O\'Conner', '2016-01-03', 'Mr. Zander Friesen', '9005.00', '1998-05-26', NULL, '2020-12-21 23:06:39', '2020-12-21 23:06:39'),
(123, 57, '874', '12175727306', '30271292', 'DarkOliveGreen', 'Antonio Sipes', '1983-07-25', 'Libbie Kirlin', '6409.00', '1979-12-14', NULL, '2020-12-21 23:06:39', '2020-12-21 23:06:39'),
(124, 149, '2495', '88784393696146', '242928718', 'Blue', 'Maximo Crist', '1972-05-14', 'Una Murphy', '8140.00', '2016-02-29', NULL, '2020-12-21 23:06:39', '2020-12-21 23:06:39'),
(125, 132, '33122', '8973774209', '5875702539288', 'LimeGreen', 'Miss Bria Wunsch I', '2000-06-14', 'Mae DuBuque', '3271.00', '2018-05-13', NULL, '2020-12-21 23:06:39', '2020-12-21 23:06:39'),
(126, 50, '1050', '885923652476', '010219888787110', 'DarkSalmon', 'Mr. Juston Thompson PhD', '1997-05-26', 'Carlie Huel II', '8826.00', '2004-01-18', NULL, '2020-12-21 23:06:39', '2020-12-21 23:06:39'),
(127, 47, '427', '9135486267895', '945075797716', 'Lime', 'Ms. Anika Maggio', '2003-04-19', 'Dixie Greenholt', '5812.00', '2005-07-29', NULL, '2020-12-21 23:06:39', '2020-12-21 23:06:39'),
(129, 61, '5875', '9179093', '554280551', 'White', 'Leo Wuckert', '1999-09-12', 'Paolo Corwin', '3914.00', '2004-04-25', NULL, '2020-12-21 23:06:39', '2020-12-21 23:06:39'),
(130, 153, '43721', '1460327911', '8318842204137', 'RoyalBlue', 'Glenda Rippin', '2018-11-04', 'Wilbert Hoeger', '4899.00', '2002-04-20', NULL, '2020-12-21 23:06:39', '2020-12-21 23:06:39'),
(131, 8, '969', '10193223489', '261494802', 'OrangeRed', 'Ignacio Senger', '2014-01-09', 'Maryse Ankunding', '8543.00', '2020-09-18', NULL, '2020-12-21 23:06:39', '2020-12-21 23:06:39'),
(132, 166, '6407', '877854602802', '354787274', 'OliveDrab', 'Darrick VonRueden', '1999-03-01', 'Teresa Hoppe', '7718.00', '1993-10-29', NULL, '2020-12-21 23:06:39', '2020-12-21 23:06:39'),
(133, 36, '51047', '0324456711218', '5342195', 'LightSeaGreen', 'Jameson Heaney', '2006-04-17', 'Valentine Willms III', '3630.00', '2002-07-13', NULL, '2020-12-21 23:06:39', '2020-12-21 23:06:39'),
(134, 30, '424', '56364381', '6434694648218', 'Turquoise', 'Cesar Marquardt', '2011-12-25', 'Dr. Kobe Collier', '6375.00', '2004-01-16', NULL, '2020-12-21 23:06:39', '2020-12-21 23:06:39'),
(135, 145, '12689', '97981789346806', '2465675', 'LemonChiffon', 'Clemens Kuhn', '2009-02-25', 'Yvette Leffler', '3479.00', '2006-07-24', NULL, '2020-12-21 23:06:39', '2020-12-21 23:06:39'),
(136, 140, '8000', '401758745439', '1651278827599', 'MidnightBlue', 'Obie Cassin', '1978-05-30', 'Serenity Littel', '4226.00', '1991-12-29', NULL, '2020-12-21 23:06:39', '2020-12-21 23:06:39'),
(137, 89, '93704', '111264662143560', '0936912926299', 'HotPink', 'Annette Kiehn', '1989-12-23', 'Wilfredo Kulas MD', '5799.00', '1986-11-08', NULL, '2020-12-21 23:06:39', '2020-12-21 23:06:39'),
(139, 63, '717', '728672060', '7103996081521', 'Indigo', 'Lukas O\'Hara', '1998-09-23', 'Prof. Jovanny Spinka', '3970.00', '2015-12-19', NULL, '2020-12-21 23:06:39', '2020-12-21 23:06:39'),
(141, 89, '32410', '553906139791', '68999359', 'Gray', 'Lorenz Streich', '2001-07-20', 'Marcelo Langworth V', '7367.00', '1970-11-14', NULL, '2020-12-21 23:06:39', '2020-12-21 23:06:39'),
(142, 179, '8569', '415703121499', '6862319409', 'IndianRed', 'Ava Little PhD', '2007-05-02', 'Emilio Sipes', '9594.00', '1995-06-18', NULL, '2020-12-21 23:06:39', '2020-12-21 23:06:39'),
(143, 143, '142', '60558120371', '504150089132', 'LemonChiffon', 'Shyanne Schowalter', '2016-06-22', 'Carmela Koss IV', '3362.00', '2007-03-27', NULL, '2020-12-21 23:06:39', '2020-12-21 23:06:39'),
(144, 195, '3690', '66536909490205', '9046412634956', 'PaleGoldenRod', 'Bernadette Wintheiser', '2013-06-19', 'Cornell Swift', '5444.00', '2002-05-03', NULL, '2020-12-21 23:06:39', '2020-12-21 23:06:39'),
(145, 41, '951', '6106073370', '3886110850', 'Orchid', 'Shawn Ledner', '2007-08-25', 'Elyssa Tromp', '4053.00', '1978-05-10', NULL, '2020-12-21 23:06:39', '2020-12-21 23:06:39'),
(146, 41, '7553', '80928607487', '3841745039305', 'OldLace', 'Mr. Aurelio Rippin Sr.', '2002-03-15', 'Mrs. Kirstin Cormier', '6286.00', '2019-01-25', NULL, '2020-12-21 23:06:39', '2020-12-21 23:06:39'),
(147, 49, '846', '7511352028', '098168481949', 'NavajoWhite', 'Ashton Borer', '2003-09-08', 'Myrtie Gleason', '6406.00', '2014-02-04', NULL, '2020-12-21 23:06:39', '2020-12-21 23:06:39'),
(148, 97, '84894', '99578267703840', '6713308066', 'DarkOliveGreen', 'Mrs. Tina Breitenberg Jr.', '1997-06-28', 'Sincere Huels', '7505.00', '1974-05-27', NULL, '2020-12-21 23:06:39', '2020-12-21 23:06:39'),
(149, 190, '5289', '4608059685', '0496050775', 'Thistle', 'Dr. Braxton Leuschke DVM', '1979-03-09', 'Jana Stamm', '8938.00', '2010-06-01', NULL, '2020-12-21 23:06:39', '2020-12-21 23:06:39'),
(150, 172, '8821', '3260518189731', '03734279594345', 'LightYellow', 'Mr. Peter Green', '1975-09-14', 'Kiara Ryan', '8739.00', '1981-04-28', NULL, '2020-12-21 23:06:39', '2020-12-21 23:06:39'),
(151, 123, '9837', '463421704277', '9866526', 'Coral', 'Ms. Alisha Abernathy V', '1992-01-21', 'Dewitt Denesik', '3329.00', '1976-12-23', NULL, '2020-12-21 23:06:39', '2020-12-21 23:06:39'),
(152, 155, '653', '476531079399', '899751694232', 'FireBrick', 'Maegan Friesen', '1987-12-31', 'Mrs. Brigitte Grady MD', '4466.00', '1983-02-09', NULL, '2020-12-21 23:06:39', '2020-12-21 23:06:39'),
(153, 170, '5800', '28687333092', '828161751', 'MediumAquaMarine', 'Eulah Murray', '2016-11-22', 'Emerson Bednar', '3002.00', '1993-10-03', NULL, '2020-12-21 23:06:39', '2020-12-21 23:06:39'),
(154, 23, '1814', '549751324', '2815216117', 'MidnightBlue', 'Vaughn Kilback', '1985-06-22', 'Malika Hyatt', '3121.00', '2008-07-01', NULL, '2020-12-21 23:06:39', '2020-12-21 23:06:39'),
(155, 28, '98305', '06799185632', '4398236755828', 'DarkRed', 'Whitney Franecki', '2010-02-04', 'Rodrick Kozey', '8460.00', '2001-05-23', NULL, '2020-12-21 23:06:39', '2020-12-21 23:06:39'),
(156, 31, '140', '81878137326', '32554720797', 'Gainsboro', 'Lee Skiles', '2015-12-12', 'Ms. Scarlett Von PhD', '9651.00', '1980-03-14', NULL, '2020-12-21 23:06:39', '2020-12-21 23:06:39'),
(157, 21, '13464', '4519729500460', '476266424', 'IndianRed', 'Virginia Herman', '2016-11-18', 'Prof. Manley Jacobi Sr.', '8319.00', '2013-11-07', NULL, '2020-12-21 23:06:39', '2020-12-21 23:06:39'),
(158, 170, '4395', '04157011', '7030177690', 'Lime', 'Joan Bernier DVM', '1976-07-20', 'Baby Kovacek', '3967.00', '1972-06-15', NULL, '2020-12-21 23:06:39', '2020-12-21 23:06:39'),
(159, 91, '678', '885093913673', '14560749795', 'OliveDrab', 'Dr. Jonatan Mayer Jr.', '2002-07-22', 'Keara Konopelski', '4853.00', '1983-07-13', NULL, '2020-12-21 23:06:39', '2020-12-21 23:06:39'),
(160, 179, '348', '40257027', '24474980', 'Violet', 'Dr. Lucile Hills Jr.', '1985-12-18', 'Timmothy Wyman', '6481.00', '2001-01-07', NULL, '2020-12-21 23:06:39', '2020-12-21 23:06:39'),
(161, 49, '24098', '2258523950', '0099927218781055', 'SeaGreen', 'Cicero Wisozk', '1976-01-24', 'Nestor Waters', '7457.00', '2020-05-28', NULL, '2020-12-21 23:06:39', '2020-12-21 23:06:39'),
(162, 62, '4300', '8906451009', '0968719035', 'Orange', 'Mrs. Samanta Grimes MD', '1973-10-14', 'Deontae Douglas III', '7615.00', '2016-04-20', NULL, '2020-12-21 23:06:39', '2020-12-21 23:06:39'),
(163, 145, '141', '8201063098846', '37424894056', 'Teal', 'Dr. Morton Considine', '2006-05-10', 'Ally Lebsack', '7084.00', '1994-06-30', NULL, '2020-12-21 23:06:39', '2020-12-21 23:06:39'),
(164, 21, '465', '039822', '05106556', 'PaleTurquoise', 'Chyna Beer', '1989-02-24', 'Danny Predovic', '7126.00', '2018-05-06', NULL, '2020-12-21 23:06:39', '2020-12-21 23:06:39'),
(165, 145, '161', '5231471209', '978613061442065', 'Purple', 'Marilyne Parker', '2006-08-18', 'Mrs. Natalia Considine', '5553.00', '1992-06-29', NULL, '2020-12-21 23:06:39', '2020-12-21 23:06:39'),
(166, 41, '3867', '544362989', '47673539466', 'Moccasin', 'Prof. Monserrat Littel', '2014-01-31', 'Dr. Ferne Blick', '4137.00', '2008-05-29', NULL, '2020-12-21 23:06:39', '2020-12-21 23:06:39'),
(167, 29, '268', '401346945', '4090843730771', 'Aquamarine', 'Dr. Herbert Roob I', '2019-11-03', 'Tierra Hermiston', '8938.00', '1977-03-02', NULL, '2020-12-21 23:06:39', '2020-12-21 23:06:39'),
(168, 88, '111', '996937513646', '17730114003', 'DarkMagenta', 'Meggie Rice', '1984-06-15', 'Nelle Parisian', '7665.00', '1993-03-20', NULL, '2020-12-21 23:06:39', '2020-12-21 23:06:39'),
(169, 150, '6656', '2543072466', '459603767', 'SeaShell', 'Dr. Otto Dibbert', '2019-02-02', 'Miss Daniella Conn PhD', '8048.00', '1983-04-07', NULL, '2020-12-21 23:06:39', '2020-12-21 23:06:39'),
(170, 26, '43915', '12368337862633', '009605712', 'SeaGreen', 'Garnett Schinner', '1979-04-24', 'Charlene Rice', '9730.00', '1995-02-22', NULL, '2020-12-21 23:06:39', '2020-12-21 23:06:39'),
(171, 157, '17867', '05509787966536', '85372243479', 'PowderBlue', 'Miss Taryn Harber III', '1979-07-19', 'Enrique Witting III', '5004.00', '1986-07-03', NULL, '2020-12-21 23:06:39', '2020-12-21 23:06:39'),
(172, 157, '5147', '168856446', '34752775235961', 'MediumSpringGreen', 'Dr. Dean Spencer', '2012-01-12', 'Rogers Herzog', '8178.00', '1978-02-26', NULL, '2020-12-21 23:06:39', '2020-12-21 23:06:39'),
(173, 143, '5415', '5705938795463', '21223076794087', 'Navy', 'Ms. Bernice Marquardt III', '1987-10-17', 'Rylee Barrows', '4200.00', '2010-12-27', NULL, '2020-12-21 23:06:39', '2020-12-21 23:06:39'),
(174, 34, '395', '6428369', '8395384860', 'Coral', 'Prof. Lavonne Ziemann', '1998-02-18', 'Mr. Arvel Baumbach', '8096.00', '1984-01-20', NULL, '2020-12-21 23:06:39', '2020-12-21 23:06:39'),
(175, 63, '775', '295348020318', '02017676', 'Thistle', 'Prof. Dominic Huels Sr.', '2014-06-26', 'Prof. Felipe Reinger', '9292.00', '1985-11-28', NULL, '2020-12-21 23:06:39', '2020-12-21 23:06:39'),
(176, 179, '255', '72440642821134', '4755695204245', 'LightGreen', 'Jonatan Rice', '2006-11-13', 'Ms. Antonia Kris PhD', '6136.00', '1987-04-13', NULL, '2020-12-21 23:06:39', '2020-12-21 23:06:39'),
(177, 99, '83588', '327091091', '643654223', 'Coral', 'Prof. Destin Ferry III', '2003-05-02', 'Lonzo Breitenberg', '8089.00', '2007-10-31', NULL, '2020-12-21 23:06:39', '2020-12-21 23:06:39'),
(178, 122, '878', '069628399', '1798010689276', 'Turquoise', 'Alexandro Legros', '1988-05-29', 'Mr. Rodger Langworth Jr.', '6213.00', '1978-10-27', NULL, '2020-12-21 23:06:39', '2020-12-21 23:06:39'),
(179, 92, '978', '9842479911', '93437795862', 'Indigo', 'Levi Bayer Sr.', '2019-06-06', 'Nona Ullrich', '8243.00', '1978-09-29', NULL, '2020-12-21 23:06:39', '2020-12-21 23:06:39'),
(180, 80, '794', '56750265554163', '49477507564588', 'Turquoise', 'Zachariah Goyette', '1999-02-21', 'Lyda Ledner MD', '4536.00', '1983-06-11', NULL, '2020-12-21 23:06:39', '2020-12-21 23:06:39'),
(181, 159, '596', '2244659290', '63274572532636', 'Bisque', 'Miss Lori Schmeler', '1992-09-29', 'Miss Annabel Bergstrom', '4608.00', '2007-05-19', NULL, '2020-12-21 23:06:39', '2020-12-21 23:06:39'),
(182, 53, '202', '5789185', '10219417570', 'SlateGray', 'Dr. Bettye Tremblay', '1980-09-11', 'Ms. Marisol Wilkinson', '4908.00', '1996-03-04', NULL, '2020-12-21 23:06:39', '2020-12-21 23:06:39'),
(183, 46, '7121', '825888802661', '8695183552', 'Blue', 'Mr. Woodrow Reinger III', '1987-04-23', 'Dr. Demond Bruen IV', '8116.00', '2011-08-19', NULL, '2020-12-21 23:06:39', '2020-12-21 23:06:39'),
(184, 30, '39858', '6387509003', '8293602697108', 'DarkSlateBlue', 'Christiana Emard', '2010-04-13', 'Eryn Mueller III', '9501.00', '1994-03-29', NULL, '2020-12-21 23:06:39', '2020-12-21 23:06:39'),
(185, 165, '6817', '58778722874', '11330019313', 'OrangeRed', 'Mrs. Minerva Mraz V', '1984-01-31', 'Edwin Quigley', '6207.00', '1970-09-27', NULL, '2020-12-21 23:06:39', '2020-12-21 23:06:39'),
(186, 123, '22132', '10436091553519', '8023943391', 'MediumPurple', 'Hallie Ernser', '1978-08-07', 'Chadrick Baumbach', '3098.00', '1982-10-03', NULL, '2020-12-21 23:06:39', '2020-12-21 23:06:39'),
(187, 88, '405', '8538518354504', '0116590632', 'LightSteelBlue', 'Avis Beier', '1995-02-14', 'Devon Abernathy', '6831.00', '1973-04-25', NULL, '2020-12-21 23:06:39', '2020-12-21 23:06:39'),
(188, 122, '32292', '648239419725', '75715637', 'Red', 'Ryann Rutherford', '1976-02-22', 'Gladys Cruickshank', '8517.00', '1982-03-02', NULL, '2020-12-21 23:06:39', '2020-12-21 23:06:39'),
(189, 50, '76246', '6638024440', '80155536', 'PaleTurquoise', 'Avery Ruecker', '2007-02-03', 'Jonas Rau', '9077.00', '2006-10-31', NULL, '2020-12-21 23:06:39', '2020-12-21 23:06:39'),
(191, 88, '68267', '5079999284', '3443450987852761', 'PeachPuff', 'Miss Audrey Durgan', '2001-07-08', 'Samson Zieme', '9491.00', '1995-08-19', NULL, '2020-12-21 23:06:39', '2020-12-21 23:06:39'),
(192, 31, '5680', '2966011260425', '0715881711', 'LightSlateGray', 'Ms. Valerie Bauch I', '2009-04-15', 'Consuelo Douglas', '3107.00', '1996-09-24', NULL, '2020-12-21 23:06:39', '2020-12-21 23:06:39'),
(193, 168, '9027', '6043185177487', '79692367829563', 'PaleGoldenRod', 'Jayde Welch III', '1984-04-07', 'Annabell Tremblay', '5654.00', '1999-09-06', NULL, '2020-12-21 23:06:39', '2020-12-21 23:06:39'),
(194, 143, '35937', '268547786', '68756145234', 'Azure', 'Mr. Zachery Heller Sr.', '1988-02-14', 'Mrs. Addie Schneider II', '6257.00', '1992-05-20', NULL, '2020-12-21 23:06:39', '2020-12-21 23:06:39'),
(195, 97, '842', '144012791416', '386385420585', 'MediumPurple', 'Ms. Ashlynn Lang DDS', '2013-02-01', 'Willow Beier MD', '9709.00', '1974-01-03', NULL, '2020-12-21 23:06:39', '2020-12-21 23:06:39'),
(196, 120, '672', '432957236', '335172631', 'Pink', 'Esther Altenwerth', '1980-05-24', 'Shana Raynor', '3895.00', '2011-04-27', NULL, '2020-12-21 23:06:39', '2020-12-21 23:06:39'),
(197, 29, '911', '6932050167', '34567203', 'MediumOrchid', 'Dr. Alex Littel DDS', '2002-05-24', 'Johnson Shanahan', '5455.00', '2015-05-03', NULL, '2020-12-21 23:06:39', '2020-12-21 23:06:39'),
(198, 54, '947', '4654948169642', '85356451955', 'Magenta', 'Jovani Fadel III', '1971-02-24', 'Dr. Virgie O\'Kon', '3222.00', '2006-07-27', NULL, '2020-12-21 23:06:39', '2020-12-21 23:06:39'),
(199, 75, '510', '495641900340006', '2088163395976', 'LavenderBlush', 'Keenan Renner', '2010-10-20', 'Rodger Turcotte', '9330.00', '1980-11-03', NULL, '2020-12-21 23:06:39', '2020-12-21 23:06:39'),
(200, 161, '883', '3048647286', '95065155766', 'DarkOrchid', 'Prof. German Frami', '1992-01-13', 'Woodrow Morissette PhD', '4501.00', '1992-06-12', NULL, '2020-12-21 23:06:39', '2020-12-21 23:06:39'),
(201, 121, '8039', '414872811', '5516324695953', 'CadetBlue', 'Prof. Garret O\'Hara I', '1983-03-24', 'Jaeden Kutch', '9526.00', '2008-08-19', NULL, '2020-12-21 23:06:39', '2020-12-21 23:06:39'),
(202, 36, '6710', '722037541', '957744240027', 'GreenYellow', 'Destany Schmeler Jr.', '1978-03-31', 'Dorcas Skiles', '6946.00', '1988-08-19', NULL, '2020-12-21 23:06:39', '2020-12-21 23:06:39'),
(204, 185, '703', '2458757708583', '023558', 'WhiteSmoke', 'Noemi Bartoletti MD', '1975-05-16', 'Mrs. Melyssa Conn', '8406.00', '1996-05-16', NULL, '2020-12-21 23:06:39', '2020-12-21 23:06:39'),
(205, 151, '75796', '1334579186', '5904747577', 'OrangeRed', 'Judge Beatty', '1985-01-24', 'Prof. Chelsie Vandervort', '4208.00', '1986-03-21', NULL, '2020-12-21 23:06:39', '2020-12-21 23:06:39'),
(206, 54, '40259', '315312461466678', '6461238845', 'Red', 'Kailee Daugherty', '2000-03-03', 'Favian Schuppe', '5986.00', '1974-12-02', NULL, '2020-12-21 23:06:39', '2020-12-21 23:06:39'),
(207, 6, '46843', '6784562208694', '7679230825066', 'Tomato', 'Dr. Hilma Romaguera MD', '2019-03-18', 'Einar Dare', '9572.00', '2002-03-06', NULL, '2020-12-21 23:06:39', '2020-12-21 23:06:39'),
(208, 102, '1014', '371916668742', '117492121', 'Orange', 'Mrs. Jessica Wiegand', '1982-07-26', 'Carolyn Fritsch MD', '3569.00', '1976-04-05', NULL, '2020-12-21 23:06:39', '2020-12-21 23:06:39'),
(211, 17, '41807', '9968974115', '1124414759', 'MediumBlue', 'Ms. Veronica Effertz', '1994-02-08', 'Mr. Wyman DuBuque', '3591.00', '1970-10-17', NULL, '2020-12-21 23:06:39', '2020-12-21 23:06:39'),
(212, 58, '2866', '1676742449667645', '42332423', 'SlateGray', 'Fausto O\'Reilly IV', '1978-04-01', 'Presley Gutmann', '5503.00', '2013-12-01', NULL, '2020-12-21 23:06:39', '2020-12-21 23:06:39'),
(213, 97, '46133', '99039299019', '3533729138', 'Red', 'Ms. Kailee Boehm', '1979-12-23', 'Baylee Graham', '8653.00', '1971-04-16', NULL, '2020-12-21 23:06:39', '2020-12-21 23:06:39'),
(214, 122, '9409', '727170', '4131586595751', 'LightSlateGray', 'Clay Ritchie', '1979-05-24', 'Paris Wisozk', '9435.00', '1987-04-19', NULL, '2020-12-21 23:06:39', '2020-12-21 23:06:39'),
(215, 32, '603', '3254206209', '130271945532', 'IndianRed', 'Ms. Cali Ward I', '2014-04-16', 'Rico Nolan', '4454.00', '1986-01-22', NULL, '2020-12-21 23:06:39', '2020-12-21 23:06:39'),
(218, 87, '664', '539080054202', '29311554', 'Purple', 'Aurelie Olson', '1981-04-26', 'Prof. Anastasia Roob DVM', '9204.00', '2002-10-11', NULL, '2020-12-21 23:06:39', '2020-12-21 23:06:39'),
(219, 25, '396', '79028671', '1758776340', 'Yellow', 'Dr. Vinnie Abshire DVM', '2003-08-16', 'Stefan Cole II', '8793.00', '1987-06-14', NULL, '2020-12-21 23:06:39', '2020-12-21 23:06:39'),
(220, 61, '335', '91577231', '84327039', 'LightBlue', 'Mrs. Rachael Fisher', '1978-01-22', 'Mr. Xzavier Emmerich DDS', '3558.00', '1978-02-02', NULL, '2020-12-21 23:06:39', '2020-12-21 23:06:39'),
(221, 60, '7156', '1426799953', '0102172011224', 'AliceBlue', 'Margarita Hegmann', '1973-09-17', 'Jarrett Schamberger', '8587.00', '1998-08-27', NULL, '2020-12-21 23:06:39', '2020-12-21 23:06:39'),
(222, 172, '8951', '4009320894685', '984046729291', 'MediumTurquoise', 'Mr. Jasper Green', '1971-01-08', 'Ms. Annetta Thompson IV', '3421.00', '1990-03-10', NULL, '2020-12-21 23:06:39', '2020-12-21 23:06:39'),
(223, 70, '804', '5573837', '18011326028505', 'Olive', 'Maryam Johnson', '2000-05-02', 'Elody Conn', '3354.00', '2003-03-03', NULL, '2020-12-21 23:06:39', '2020-12-21 23:06:39'),
(224, 113, '1570', '68341', '1729469089', 'HoneyDew', 'Mr. Devin Satterfield', '2005-11-18', 'Baron Watsica DVM', '5691.00', '2003-07-16', NULL, '2020-12-21 23:06:39', '2020-12-21 23:06:39'),
(226, 80, '1087', '34013393869259', '3302212866', 'DimGrey', 'Kattie Bogisich', '1970-09-19', 'Dr. Taylor Graham', '5100.00', '1991-12-04', NULL, '2020-12-21 23:06:39', '2020-12-21 23:06:39'),
(227, 76, '172', '04359763', '676264508401', 'LightGreen', 'Lennie Farrell', '2009-08-02', 'Dedric Howe III', '5483.00', '1983-07-04', NULL, '2020-12-21 23:06:39', '2020-12-21 23:06:39'),
(228, 95, '2854', '0618590', '1146385917', 'DarkSlateBlue', 'Victoria Jacobs', '2000-11-06', 'Armani Keebler', '5112.00', '1991-02-01', NULL, '2020-12-21 23:06:39', '2020-12-21 23:06:39'),
(229, 23, '608', '18287368503', '987374533', 'LightSteelBlue', 'Felicita Kohler Sr.', '1971-03-31', 'Yasmine Langworth', '9144.00', '1998-07-15', NULL, '2020-12-21 23:06:39', '2020-12-21 23:06:39'),
(230, 139, '68767', '78426636', '66929', 'Moccasin', 'Effie Leffler', '2010-02-14', 'Mr. Rahul Reichert', '4444.00', '2007-10-15', NULL, '2020-12-21 23:06:39', '2020-12-21 23:06:39'),
(231, 89, '315', '5196912124', '89024520', 'Indigo', 'Emmalee Cummerata', '2019-07-23', 'Liliane Mills', '4890.00', '2007-01-18', NULL, '2020-12-21 23:06:39', '2020-12-21 23:06:39'),
(232, 158, '110', '97674994819', '9135052930', 'DarkCyan', 'Mrs. Sophie Treutel', '2014-03-17', 'Mrs. Kylee Goldner', '9959.00', '1977-11-07', NULL, '2020-12-21 23:06:39', '2020-12-21 23:06:39'),
(234, 49, '35217', '6605206320', '86168115800', 'Yellow', 'Dr. Reta Nolan', '1976-07-22', 'Lilliana Walker', '3642.00', '1987-03-19', NULL, '2020-12-21 23:06:39', '2020-12-21 23:06:39'),
(235, 186, '55400', '695222678124', '1012756033', 'Gray', 'Mrs. Chelsea Bergstrom', '1982-02-10', 'Mrs. Florence Kris IV', '4471.00', '2004-03-26', NULL, '2020-12-21 23:06:39', '2020-12-21 23:06:39'),
(236, 149, '14263', '716031281', '471984419853', 'Wheat', 'Mrs. Edna Armstrong', '2006-03-04', 'Cristina Ritchie', '5443.00', '2020-09-24', NULL, '2020-12-21 23:06:39', '2020-12-21 23:06:39'),
(237, 14, '693', '9324626742746', '2586423074', 'Red', 'Laura Nader IV', '2018-06-30', 'Shyann Goldner', '3122.00', '2011-09-28', NULL, '2020-12-21 23:06:39', '2020-12-21 23:06:39'),
(238, 50, '211', '022287504161', '6474282725294', 'Snow', 'Olga Cruickshank II', '1975-03-09', 'Madilyn O\'Keefe', '9591.00', '2012-08-15', NULL, '2020-12-21 23:06:39', '2020-12-21 23:06:39'),
(239, 54, '241', '5254008601671', '0388563392', 'BurlyWood', 'Madison Pacocha', '2000-08-12', 'Tillman Sanford PhD', '5032.00', '1973-09-10', NULL, '2020-12-21 23:06:39', '2020-12-21 23:06:39'),
(240, 72, '1272', '48916058004', '1800301870', 'Ivory', 'Dr. Aliya Rowe', '1994-01-15', 'Prof. Burnice Bradtke PhD', '3685.00', '2005-05-21', NULL, '2020-12-21 23:06:39', '2020-12-21 23:06:39'),
(241, 167, '5376', '0650470031152051', '8607536', 'DimGray', 'Fritz Hartmann Jr.', '1979-01-26', 'Jessica Hills', '3909.00', '2018-09-04', NULL, '2020-12-21 23:06:39', '2020-12-21 23:06:39'),
(242, 108, '59747', '75341576610', '1202844099', 'Yellow', 'Prof. Rosamond Mayert Jr.', '1979-07-28', 'Dewayne Wiza', '3378.00', '1971-12-31', NULL, '2020-12-21 23:06:39', '2020-12-21 23:06:39'),
(243, 156, '637', '0440686908', '1655586347', 'Pink', 'Diamond Boehm DVM', '1970-02-22', 'Marcelle Reynolds Jr.', '8361.00', '2001-03-13', NULL, '2020-12-21 23:06:39', '2020-12-21 23:06:39'),
(244, 151, '2987', '40027950919', '4585290519122', 'GreenYellow', 'Dr. Cyril Greenholt', '1972-01-08', 'Dr. Leopold Vandervort Sr.', '3948.00', '1997-07-16', NULL, '2020-12-21 23:06:39', '2020-12-21 23:06:39'),
(245, 192, '2142', '78543992380965', '97289323', 'PaleTurquoise', 'Ms. Carley Hermiston', '2004-05-09', 'Prof. Anya Casper IV', '4369.00', '1982-12-26', NULL, '2020-12-21 23:06:39', '2020-12-21 23:06:39'),
(246, 107, '1587', '1645353404', '7660628928', 'DarkRed', 'Maritza King', '1985-12-01', 'Gordon Bechtelar', '7577.00', '2015-08-18', NULL, '2020-12-21 23:06:39', '2020-12-21 23:06:39'),
(247, 66, '624', '5634169895', '2299795253', 'GoldenRod', 'Rossie Dare', '1993-12-28', 'Natalie O\'Conner', '8047.00', '2001-09-30', NULL, '2020-12-21 23:06:39', '2020-12-21 23:06:39'),
(248, 177, '684', '375253215279', '7148268645520', 'DarkBlue', 'Reinhold Rohan', '1978-08-04', 'Megane Reilly', '8039.00', '1991-05-31', NULL, '2020-12-21 23:06:39', '2020-12-21 23:06:39'),
(249, 43, '2819', '98514754', '4177047754168', 'DarkSeaGreen', 'Prof. Tyshawn Greenfelder', '1972-07-30', 'Theron Bradtke', '6020.00', '2006-05-02', NULL, '2020-12-21 23:06:39', '2020-12-21 23:06:39'),
(250, 118, '12135', '5125558996891', '80499833369', 'Lime', 'Joanie Welch', '2017-03-15', 'Alvera Parker', '3936.00', '1991-12-13', NULL, '2020-12-21 23:06:39', '2020-12-21 23:06:39'),
(251, 53, '327', '0408419395283', '67183724039', 'Peru', 'Roselyn Hudson', '2017-09-18', 'Leilani Hauck', '7137.00', '1987-07-05', NULL, '2020-12-21 23:06:39', '2020-12-21 23:06:39'),
(252, 111, '3541', '25485240565490', '9102336626673', 'DimGray', 'Tyrese Medhurst', '1977-01-06', 'Edyth West', '7117.00', '1975-02-02', NULL, '2020-12-21 23:06:39', '2020-12-21 23:06:39'),
(253, 88, '6166', '64184163008', '19239062650', 'SeaGreen', 'Prof. Brody D\'Amore DVM', '2000-11-13', 'Joesph Erdman', '3536.00', '1983-06-29', NULL, '2020-12-21 23:06:39', '2020-12-21 23:06:39'),
(254, 13, '965', '87838425060', '6515358186278', 'DimGray', 'Prof. Gregg Bergstrom', '1983-04-07', 'Glenna Moen', '8440.00', '1994-06-22', NULL, '2020-12-21 23:06:39', '2020-12-21 23:06:39'),
(255, 155, '72049', '9275412923', '1964269388', 'Indigo', 'Dr. Janiya Champlin DDS', '1995-12-27', 'Rosemary Nicolas', '6395.00', '2014-05-25', NULL, '2020-12-21 23:06:39', '2020-12-21 23:06:39'),
(256, 143, '291', '9467425907022873', '83852895265125', 'Teal', 'Wava King', '1981-08-12', 'Lon Zemlak', '5889.00', '2008-04-18', NULL, '2020-12-21 23:06:39', '2020-12-21 23:06:39'),
(257, 154, '3324', '7986708814165', '86989903731449', 'SandyBrown', 'Douglas Emard', '2019-03-19', 'Miss Opal Powlowski IV', '8263.00', '1991-10-09', NULL, '2020-12-21 23:06:39', '2020-12-21 23:06:39'),
(258, 142, '36109', '33171530991', '6643569366498', 'Green', 'Anissa Pfannerstill', '1994-01-11', 'Erik Schumm', '6291.00', '2002-09-03', NULL, '2020-12-21 23:06:39', '2020-12-21 23:06:39'),
(259, 93, '3929', '303415816170088', '568415102832', 'DarkMagenta', 'Letitia Kozey', '1997-07-27', 'Miss Maxie Tremblay DVM', '3898.00', '1989-08-10', NULL, '2020-12-21 23:06:39', '2020-12-21 23:06:39'),
(261, 116, '696', '60848471460906', '60250027344', 'LawnGreen', 'Jacinto Heidenreich', '2019-08-15', 'Camille Bartoletti', '4796.00', '1984-09-28', NULL, '2020-12-21 23:06:39', '2020-12-21 23:06:39'),
(262, 162, '62690', '631170205', '0775600', 'DarkViolet', 'Mylene Wehner', '1998-04-22', 'Crawford Hyatt MD', '9027.00', '1998-12-07', NULL, '2020-12-21 23:06:39', '2020-12-21 23:06:39'),
(263, 132, '829', '997561090419', '55121638244', 'Moccasin', 'Prof. Dawn Maggio', '1997-10-25', 'Ruthe Larson', '9703.00', '2000-07-24', NULL, '2020-12-21 23:06:39', '2020-12-21 23:06:39'),
(264, 110, '28290', '15473873646', '10179262852', 'DarkSeaGreen', 'Claire Wunsch', '2018-04-11', 'Kennedy Hamill DDS', '5417.00', '1993-02-26', NULL, '2020-12-21 23:06:39', '2020-12-21 23:06:39'),
(265, 73, '34926', '0184419454', '09282339056', 'HoneyDew', 'Jacinthe Wolff', '2020-10-28', 'Prof. Rowena Stehr V', '5175.00', '2000-06-02', NULL, '2020-12-21 23:06:39', '2020-12-21 23:06:39'),
(266, 58, '2101', '1597712408', '2908179227', 'Maroon', 'Mr. Marc Lebsack DVM', '1978-07-04', 'Ariane Bruen', '9764.00', '1981-02-28', NULL, '2020-12-21 23:06:39', '2020-12-21 23:06:39'),
(267, 35, '23479', '49427466016', '85873716337841', 'PapayaWhip', 'Rogelio Upton', '1980-07-10', 'Mrs. Nikita Farrell', '4188.00', '1971-10-31', NULL, '2020-12-21 23:06:39', '2020-12-21 23:06:39'),
(268, 25, '40976', '761376629311', '274173428168', 'MediumAquaMarine', 'Mr. Bradford Wyman I', '1991-10-01', 'Mr. Dexter Klein I', '7902.00', '2000-05-16', NULL, '2020-12-21 23:06:39', '2020-12-21 23:06:39'),
(269, 50, '6040', '2520776', '0888745804537230', 'Navy', 'Bell Gottlieb', '1991-04-27', 'Ms. Courtney Crist', '4444.00', '1976-04-23', NULL, '2020-12-21 23:06:39', '2020-12-21 23:06:39'),
(270, 161, '2402', '3751401172', '141003542947', 'DarkSlateGray', 'Edd Hansen', '2019-08-27', 'Carmela Heller', '3319.00', '1991-11-09', NULL, '2020-12-21 23:06:39', '2020-12-21 23:06:39'),
(271, 83, '9200', '308833623198', '487286650394750', 'Orchid', 'Houston Smitham', '2016-10-24', 'Josh Spencer', '9947.00', '1996-02-19', NULL, '2020-12-21 23:06:39', '2020-12-21 23:06:39'),
(272, 38, '3076', '9042488379', '76733058703', 'PapayaWhip', 'Alanis Ernser', '1988-09-20', 'Miss Gabriella Schuster', '5804.00', '1990-12-14', NULL, '2020-12-21 23:06:39', '2020-12-21 23:06:39'),
(273, 42, '606', '086151719776', '45871652', 'Plum', 'Lily Haley', '1975-10-04', 'Prof. Kelly Johns', '5418.00', '1994-09-16', NULL, '2020-12-21 23:06:39', '2020-12-21 23:06:39'),
(274, 156, '389', '225422501377', '05557039085', 'Ivory', 'Cristal Lind', '1974-11-09', 'Lera Howell', '6146.00', '1993-12-13', NULL, '2020-12-21 23:06:39', '2020-12-21 23:06:39'),
(275, 48, '19880', '156602778042', '17720762861299', 'Coral', 'Tressa Jerde', '1974-11-08', 'Prof. Kris Klocko IV', '9032.00', '1970-01-07', NULL, '2020-12-21 23:06:39', '2020-12-21 23:06:39'),
(277, 95, '9147', '91280353', '844200489606', 'SkyBlue', 'Ms. Itzel Bins', '1986-10-30', 'Zula Ferry DDS', '5179.00', '1981-12-31', NULL, '2020-12-21 23:06:39', '2020-12-21 23:06:39'),
(278, 135, '12011', '01367990427', '1059686794', 'BlueViolet', 'Prof. Victor Wuckert PhD', '2008-03-05', 'Mr. Rusty Feeney', '6499.00', '1999-11-28', NULL, '2020-12-21 23:06:39', '2020-12-21 23:06:39'),
(279, 44, '394', '6263545288055', '094610834', 'Moccasin', 'Prof. Keaton Klocko', '2019-12-11', 'Payton Abbott', '5967.00', '1994-12-07', NULL, '2020-12-21 23:06:39', '2020-12-21 23:06:39'),
(280, 180, '90700', '9468242', '3023333108', 'OldLace', 'Destany VonRueden', '1970-01-29', 'Cleta Wyman', '7243.00', '2016-11-26', NULL, '2020-12-21 23:06:39', '2020-12-21 23:06:39'),
(282, 115, '357', '38049733383', '086404512', 'Azure', 'Miss Anais Grant PhD', '1984-08-20', 'Mackenzie Bosco', '3947.00', '1991-12-10', NULL, '2020-12-21 23:06:39', '2020-12-21 23:06:39');
INSERT INTO `vehicles` (`id`, `member_id`, `register_no`, `chassis_no`, `engine_no`, `class_of_vehicle`, `model`, `manufacture_date`, `condition`, `fee`, `date`, `invoice_no`, `created_at`, `updated_at`) VALUES
(283, 158, '12533', '673143390665', '8522617041289', 'Aqua', 'Prof. Jacey Braun', '1990-06-14', 'Miss Magdalena Mosciski', '6122.00', '2008-12-01', NULL, '2020-12-21 23:06:39', '2020-12-21 23:06:39'),
(284, 70, '3240', '24750661267929', '235200369343', 'MediumSeaGreen', 'Paige Mann', '1992-06-29', 'Keyon Mosciski', '6684.00', '1997-10-05', NULL, '2020-12-21 23:06:39', '2020-12-21 23:06:39'),
(285, 122, '482', '439575751737', '8149513497', 'DeepPink', 'Mr. Santa Stroman Sr.', '2019-03-09', 'Ignatius Gaylord V', '8320.00', '1996-03-01', NULL, '2020-12-21 23:06:39', '2020-12-21 23:06:39'),
(286, 77, '434', '228149988612', '823544090737', 'OldLace', 'Eloisa Hayes', '1989-05-27', 'Ms. Danyka Leffler Jr.', '3474.00', '1994-09-20', NULL, '2020-12-21 23:06:39', '2020-12-21 23:06:39'),
(288, 88, '74603', '394709268051962', '15650291310667', 'Coral', 'Emelie Gusikowski', '1980-01-26', 'Lavonne Hammes', '3734.00', '2018-11-10', NULL, '2020-12-21 23:06:39', '2020-12-21 23:06:39'),
(289, 71, '8033', '53652486967', '819359011', 'Pink', 'Mercedes Hudson', '1980-05-14', 'Forest Walsh', '9995.00', '2004-01-26', NULL, '2020-12-21 23:06:39', '2020-12-21 23:06:39'),
(290, 86, '522', '503580695', '24085617986254', 'LemonChiffon', 'Myriam Dickens', '2016-01-06', 'Floyd Kulas III', '3746.00', '2019-10-12', NULL, '2020-12-21 23:06:39', '2020-12-21 23:06:39'),
(291, 178, '775', '32429640', '160985921830', 'LightYellow', 'Pat Harvey', '1970-05-02', 'Ms. Vernie D\'Amore Jr.', '8614.00', '2002-11-06', NULL, '2020-12-21 23:06:39', '2020-12-21 23:06:39'),
(292, 87, '75862', '199285092', '4274006319497', 'PeachPuff', 'Monica Hartmann', '1979-12-12', 'Dr. Cordell Zulauf', '9911.00', '1974-11-26', NULL, '2020-12-21 23:06:39', '2020-12-21 23:06:39'),
(293, 55, '1134', '18737443128', '3242765354', 'FloralWhite', 'Ryleigh Bogisich', '2004-03-17', 'Shanelle Roob', '4284.00', '1991-12-17', NULL, '2020-12-21 23:06:39', '2020-12-21 23:06:39'),
(303, 124, 'Et laboriosam sed l', 'Quos dolores adipisc', 'Dolore laborum Anim', 'bus', 'Sed id et nobis prae', '1995-12-19', 'yes', '56.00', '1996-07-07', 'INV10294', '2021-03-22 01:42:07', '2021-03-22 01:42:07'),
(304, 200, 'KA1010', 'H21254', 'M45666', 'bus', '2020', '2020-01-07', 'yes', '5000.00', '2021-04-07', 'INV10304', '2021-04-06 23:32:48', '2021-04-06 23:32:48');

--
-- Indexes for dumped tables
--

--
-- Indexes for table `archive_road_permissions`
--
ALTER TABLE `archive_road_permissions`
  ADD PRIMARY KEY (`id`),
  ADD KEY `archive_road_permissions_vehicle_id_foreign` (`vehicle_id`),
  ADD KEY `archive_road_permissions_road_id_foreign` (`road_id`);

--
-- Indexes for table `failed_jobs`
--
ALTER TABLE `failed_jobs`
  ADD PRIMARY KEY (`id`),
  ADD UNIQUE KEY `failed_jobs_uuid_unique` (`uuid`);

--
-- Indexes for table `members`
--
ALTER TABLE `members`
  ADD PRIMARY KEY (`id`);

--
-- Indexes for table `migrations`
--
ALTER TABLE `migrations`
  ADD PRIMARY KEY (`id`);

--
-- Indexes for table `password_resets`
--
ALTER TABLE `password_resets`
  ADD KEY `password_resets_email_index` (`email`);

--
-- Indexes for table `roads`
--
ALTER TABLE `roads`
  ADD PRIMARY KEY (`id`);

--
-- Indexes for table `road_permissions`
--
ALTER TABLE `road_permissions`
  ADD PRIMARY KEY (`id`),
  ADD KEY `road_permissions_vehicle_id_foreign` (`vehicle_id`),
  ADD KEY `road_permissions_road_id_foreign` (`road_id`);

--
-- Indexes for table `users`
--
ALTER TABLE `users`
  ADD PRIMARY KEY (`id`),
  ADD UNIQUE KEY `users_email_unique` (`email`);

--
-- Indexes for table `vehicles`
--
ALTER TABLE `vehicles`
  ADD PRIMARY KEY (`id`),
  ADD KEY `vehicles_member_id_foreign` (`member_id`);

--
-- AUTO_INCREMENT for dumped tables
--

--
-- AUTO_INCREMENT for table `archive_road_permissions`
--
ALTER TABLE `archive_road_permissions`
  MODIFY `id` bigint(20) UNSIGNED NOT NULL AUTO_INCREMENT, AUTO_INCREMENT=15;

--
-- AUTO_INCREMENT for table `failed_jobs`
--
ALTER TABLE `failed_jobs`
  MODIFY `id` bigint(20) UNSIGNED NOT NULL AUTO_INCREMENT;

--
-- AUTO_INCREMENT for table `members`
--
ALTER TABLE `members`
  MODIFY `id` bigint(20) UNSIGNED NOT NULL AUTO_INCREMENT, AUTO_INCREMENT=203;

--
-- AUTO_INCREMENT for table `migrations`
--
ALTER TABLE `migrations`
  MODIFY `id` int(10) UNSIGNED NOT NULL AUTO_INCREMENT, AUTO_INCREMENT=10;

--
-- AUTO_INCREMENT for table `roads`
--
ALTER TABLE `roads`
  MODIFY `id` bigint(20) UNSIGNED NOT NULL AUTO_INCREMENT, AUTO_INCREMENT=62;

--
-- AUTO_INCREMENT for table `road_permissions`
--
ALTER TABLE `road_permissions`
  MODIFY `id` bigint(20) UNSIGNED NOT NULL AUTO_INCREMENT, AUTO_INCREMENT=43;

--
-- AUTO_INCREMENT for table `users`
--
ALTER TABLE `users`
  MODIFY `id` bigint(20) UNSIGNED NOT NULL AUTO_INCREMENT, AUTO_INCREMENT=2;

--
-- AUTO_INCREMENT for table `vehicles`
--
ALTER TABLE `vehicles`
  MODIFY `id` bigint(20) UNSIGNED NOT NULL AUTO_INCREMENT, AUTO_INCREMENT=305;

--
-- Constraints for dumped tables
--

--
-- Constraints for table `archive_road_permissions`
--
ALTER TABLE `archive_road_permissions`
  ADD CONSTRAINT `archive_road_permissions_road_id_foreign` FOREIGN KEY (`road_id`) REFERENCES `roads` (`id`) ON DELETE CASCADE ON UPDATE CASCADE,
  ADD CONSTRAINT `archive_road_permissions_vehicle_id_foreign` FOREIGN KEY (`vehicle_id`) REFERENCES `vehicles` (`id`) ON DELETE CASCADE ON UPDATE CASCADE;

--
-- Constraints for table `road_permissions`
--
ALTER TABLE `road_permissions`
  ADD CONSTRAINT `road_permissions_road_id_foreign` FOREIGN KEY (`road_id`) REFERENCES `roads` (`id`) ON DELETE CASCADE ON UPDATE CASCADE,
  ADD CONSTRAINT `road_permissions_vehicle_id_foreign` FOREIGN KEY (`vehicle_id`) REFERENCES `vehicles` (`id`) ON DELETE CASCADE ON UPDATE CASCADE;

--
-- Constraints for table `vehicles`
--
ALTER TABLE `vehicles`
  ADD CONSTRAINT `vehicles_member_id_foreign` FOREIGN KEY (`member_id`) REFERENCES `members` (`id`) ON DELETE CASCADE ON UPDATE CASCADE;
COMMIT;

/*!40101 SET CHARACTER_SET_CLIENT=@OLD_CHARACTER_SET_CLIENT */;
/*!40101 SET CHARACTER_SET_RESULTS=@OLD_CHARACTER_SET_RESULTS */;
/*!40101 SET COLLATION_CONNECTION=@OLD_COLLATION_CONNECTION */;
